Move Name,Ailment,Ailment Chance,Move Type,Crit Rate,Drain,Flinch Chance,Healing,Max Hits,Min Hits,Min Turns,Max Turns,Stat Chance,Attack Change, Defense Change, SpAttack Change, SpDef Change, Speed Change, Accuracy Change, Evasiness Change
pound,none,0,damage,0,0,0,0,null,null,null,null,0,0,0,0,0,0,0,0
karate-chop,none,0,damage,1,0,0,0,null,null,null,null,0,0,0,0,0,0,0,0
double-slap,none,0,damage,0,0,0,0,5,2,null,null,0,0,0,0,0,0,0,0
comet-punch,none,0,damage,0,0,0,0,5,2,null,null,0,0,0,0,0,0,0,0
mega-punch,none,0,damage,0,0,0,0,null,null,null,null,0,0,0,0,0,0,0,0
pay-day,none,0,damage,0,0,0,0,null,null,null,null,0,0,0,0,0,0,0,0
fire-punch,burn,10,damage+ailment,0,0,0,0,null,null,null,null,0,0,0,0,0,0,0,0
ice-punch,freeze,10,damage+ailment,0,0,0,0,null,null,null,null,0,0,0,0,0,0,0,0
thunder-punch,paralysis,10,damage+ailment,0,0,0,0,null,null,null,null,0,0,0,0,0,0,0,0
scratch,none,0,damage,0,0,0,0,null,null,null,null,0,0,0,0,0,0,0,0
vice-grip,none,0,damage,0,0,0,0,null,null,null,null,0,0,0,0,0,0,0,0
guillotine,none,0,ohko,0,0,0,0,null,null,null,null,0,0,0,0,0,0,0,0
razor-wind,none,0,damage,1,0,0,0,null,null,null,null,0,0,0,0,0,0,0,0
swords-dance,none,0,net-good-stats,0,0,0,0,null,null,null,null,0,2,0,0,0,0,0,0
cut,none,0,damage,0,0,0,0,null,null,null,null,0,0,0,0,0,0,0,0
gust,none,0,damage,0,0,0,0,null,null,null,null,0,0,0,0,0,0,0,0
wing-attack,none,0,damage,0,0,0,0,null,null,null,null,0,0,0,0,0,0,0,0
whirlwind,none,0,force-switch,0,0,0,0,null,null,null,null,0,0,0,0,0,0,0,0
fly,none,0,damage,0,0,0,0,null,null,null,null,0,0,0,0,0,0,0,0
bind,trap,100,damage+ailment,0,0,0,0,null,null,5,6,0,0,0,0,0,0,0,0
slam,none,0,damage,0,0,0,0,null,null,null,null,0,0,0,0,0,0,0,0
vine-whip,none,0,damage,0,0,0,0,null,null,null,null,0,0,0,0,0,0,0,0
stomp,none,0,damage,0,0,30,0,null,null,null,null,0,0,0,0,0,0,0,0
double-kick,none,0,damage,0,0,0,0,2,2,null,null,0,0,0,0,0,0,0,0
mega-kick,none,0,damage,0,0,0,0,null,null,null,null,0,0,0,0,0,0,0,0
jump-kick,none,0,damage,0,0,0,0,null,null,null,null,0,0,0,0,0,0,0,0
rolling-kick,none,0,damage,0,0,30,0,null,null,null,null,0,0,0,0,0,0,0,0
sand-attack,none,0,net-good-stats,0,0,0,0,null,null,null,null,0,0,0,0,0,0,-1,0
headbutt,none,0,damage,0,0,30,0,null,null,null,null,0,0,0,0,0,0,0,0
horn-attack,none,0,damage,0,0,0,0,null,null,null,null,0,0,0,0,0,0,0,0
fury-attack,none,0,damage,0,0,0,0,5,2,null,null,0,0,0,0,0,0,0,0
horn-drill,none,0,ohko,0,0,0,0,null,null,null,null,0,0,0,0,0,0,0,0
tackle,none,0,damage,0,0,0,0,null,null,null,null,0,0,0,0,0,0,0,0
body-slam,paralysis,30,damage+ailment,0,0,0,0,null,null,null,null,0,0,0,0,0,0,0,0
wrap,trap,100,damage+ailment,0,0,0,0,null,null,5,6,0,0,0,0,0,0,0,0
take-down,none,0,damage,0,-25,0,0,null,null,null,null,0,0,0,0,0,0,0,0
thrash,none,0,damage,0,0,0,0,null,null,null,null,0,0,0,0,0,0,0,0
double-edge,none,0,damage,0,-33,0,0,null,null,null,null,0,0,0,0,0,0,0,0
tail-whip,none,0,net-good-stats,0,0,0,0,null,null,null,null,0,0,-1,0,0,0,0,0
poison-sting,poison,30,damage+ailment,0,0,0,0,null,null,null,null,0,0,0,0,0,0,0,0
twineedle,poison,20,damage+ailment,0,0,0,0,2,2,null,null,0,0,0,0,0,0,0,0
pin-missile,none,0,damage,0,0,0,0,5,2,null,null,0,0,0,0,0,0,0,0
leer,none,0,net-good-stats,0,0,0,0,null,null,null,null,100,0,-1,0,0,0,0,0
bite,none,0,damage,0,0,30,0,null,null,null,null,0,0,0,0,0,0,0,0
growl,none,0,net-good-stats,0,0,0,0,null,null,null,null,0,-1,0,0,0,0,0,0
roar,none,0,force-switch,0,0,0,0,null,null,null,null,0,0,0,0,0,0,0,0
sing,sleep,0,ailment,0,0,0,0,null,null,2,4,0,0,0,0,0,0,0,0
supersonic,confusion,0,ailment,0,0,0,0,null,null,2,5,0,0,0,0,0,0,0,0
sonic-boom,none,0,damage,0,0,0,0,null,null,null,null,0,0,0,0,0,0,0,0
disable,disable,0,unique,0,0,0,0,null,null,4,4,0,0,0,0,0,0,0,0
acid,none,0,damage+lower,0,0,0,0,null,null,null,null,10,0,0,0,-1,0,0,0
ember,burn,10,damage+ailment,0,0,0,0,null,null,null,null,0,0,0,0,0,0,0,0
flamethrower,burn,10,damage+ailment,0,0,0,0,null,null,null,null,0,0,0,0,0,0,0,0
mist,none,0,field-effect,0,0,0,0,null,null,null,null,0,0,0,0,0,0,0,0
water-gun,none,0,damage,0,0,0,0,null,null,null,null,0,0,0,0,0,0,0,0
hydro-pump,none,0,damage,0,0,0,0,null,null,null,null,0,0,0,0,0,0,0,0
surf,none,0,damage,0,0,0,0,null,null,null,null,0,0,0,0,0,0,0,0
ice-beam,freeze,10,damage+ailment,0,0,0,0,null,null,null,null,0,0,0,0,0,0,0,0
blizzard,freeze,10,damage+ailment,0,0,0,0,null,null,null,null,0,0,0,0,0,0,0,0
psybeam,confusion,10,damage+ailment,0,0,0,0,null,null,2,5,0,0,0,0,0,0,0,0
bubble-beam,none,0,damage+lower,0,0,0,0,null,null,null,null,10,0,0,0,0,-1,0,0
aurora-beam,none,0,damage+lower,0,0,0,0,null,null,null,null,10,-1,0,0,0,0,0,0
hyper-beam,none,0,damage,0,0,0,0,null,null,null,null,0,0,0,0,0,0,0,0
peck,none,0,damage,0,0,0,0,null,null,null,null,0,0,0,0,0,0,0,0
drill-peck,none,0,damage,0,0,0,0,null,null,null,null,0,0,0,0,0,0,0,0
submission,none,0,damage,0,-25,0,0,null,null,null,null,0,0,0,0,0,0,0,0
low-kick,none,0,damage,0,0,0,0,null,null,null,null,0,0,0,0,0,0,0,0
counter,none,0,damage,0,0,0,0,null,null,null,null,0,0,0,0,0,0,0,0
seismic-toss,none,0,damage,0,0,0,0,null,null,null,null,0,0,0,0,0,0,0,0
strength,none,0,damage,0,0,0,0,null,null,null,null,0,0,0,0,0,0,0,0
absorb,none,0,damage+heal,0,50,0,0,null,null,null,null,0,0,0,0,0,0,0,0
mega-drain,none,0,damage+heal,0,50,0,0,null,null,null,null,0,0,0,0,0,0,0,0
leech-seed,leech-seed,0,ailment,0,0,0,0,null,null,null,null,0,0,0,0,0,0,0,0
growth,none,0,net-good-stats,0,0,0,0,null,null,null,null,0,1,0,1,0,0,0,0
razor-leaf,none,0,damage,1,0,0,0,null,null,null,null,0,0,0,0,0,0,0,0
solar-beam,none,0,damage,0,0,0,0,null,null,null,null,0,0,0,0,0,0,0,0
poison-powder,poison,0,ailment,0,0,0,0,null,null,null,null,0,0,0,0,0,0,0,0
stun-spore,paralysis,0,ailment,0,0,0,0,null,null,null,null,0,0,0,0,0,0,0,0
sleep-powder,sleep,0,ailment,0,0,0,0,null,null,2,4,0,0,0,0,0,0,0,0
petal-dance,none,0,damage,0,0,0,0,null,null,null,null,0,0,0,0,0,0,0,0
string-shot,none,0,net-good-stats,0,0,0,0,null,null,null,null,0,0,0,0,0,-2,0,0
dragon-rage,none,0,damage,0,0,0,0,null,null,null,null,0,0,0,0,0,0,0,0
fire-spin,trap,100,damage+ailment,0,0,0,0,null,null,5,6,0,0,0,0,0,0,0,0
thunder-shock,paralysis,10,damage+ailment,0,0,0,0,null,null,null,null,0,0,0,0,0,0,0,0
thunderbolt,paralysis,10,damage+ailment,0,0,0,0,null,null,null,null,0,0,0,0,0,0,0,0
thunder-wave,paralysis,0,ailment,0,0,0,0,null,null,null,null,0,0,0,0,0,0,0,0
thunder,paralysis,30,damage+ailment,0,0,0,0,null,null,null,null,0,0,0,0,0,0,0,0
rock-throw,none,0,damage,0,0,0,0,null,null,null,null,0,0,0,0,0,0,0,0
earthquake,none,0,damage,0,0,0,0,null,null,null,null,0,0,0,0,0,0,0,0
fissure,none,0,ohko,0,0,0,0,null,null,null,null,0,0,0,0,0,0,0,0
dig,none,0,damage,0,0,0,0,null,null,null,null,0,0,0,0,0,0,0,0
toxic,poison,0,ailment,0,0,0,0,null,null,15,15,0,0,0,0,0,0,0,0
confusion,confusion,10,damage+ailment,0,0,0,0,null,null,2,5,0,0,0,0,0,0,0,0
psychic,none,0,damage+lower,0,0,0,0,null,null,null,null,10,0,0,0,-1,0,0,0
hypnosis,sleep,0,ailment,0,0,0,0,null,null,2,4,0,0,0,0,0,0,0,0
meditate,none,0,net-good-stats,0,0,0,0,null,null,null,null,0,1,0,0,0,0,0,0
agility,none,0,net-good-stats,0,0,0,0,null,null,null,null,0,0,0,0,0,2,0,0
quick-attack,none,0,damage,0,0,0,0,null,null,null,null,0,0,0,0,0,0,0,0
rage,none,0,damage,0,0,0,0,null,null,null,null,0,0,0,0,0,0,0,0
teleport,none,0,unique,0,0,0,0,null,null,null,null,0,0,0,0,0,0,0,0
night-shade,none,0,damage,0,0,0,0,null,null,null,null,0,0,0,0,0,0,0,0
mimic,none,0,unique,0,0,0,0,null,null,null,null,0,0,0,0,0,0,0,0
screech,none,0,net-good-stats,0,0,0,0,null,null,null,null,0,0,-2,0,0,0,0,0
double-team,none,0,net-good-stats,0,0,0,0,null,null,null,null,0,0,0,0,0,0,0,1
recover,none,0,heal,0,0,0,50,null,null,null,null,0,0,0,0,0,0,0,0
harden,none,0,net-good-stats,0,0,0,0,null,null,null,null,0,0,1,0,0,0,0,0
minimize,none,0,net-good-stats,0,0,0,0,null,null,null,null,0,0,0,0,0,0,0,2
smokescreen,none,0,net-good-stats,0,0,0,0,null,null,null,null,0,0,0,0,0,0,-1,0
confuse-ray,confusion,0,ailment,0,0,0,0,null,null,2,5,0,0,0,0,0,0,0,0
withdraw,none,0,net-good-stats,0,0,0,0,null,null,null,null,0,0,1,0,0,0,0,0
defense-curl,none,0,net-good-stats,0,0,0,0,null,null,null,null,0,0,1,0,0,0,0,0
barrier,none,0,net-good-stats,0,0,0,0,null,null,null,null,0,0,2,0,0,0,0,0
light-screen,none,0,field-effect,0,0,0,0,null,null,null,null,0,0,0,0,0,0,0,0
haze,none,0,whole-field-effect,0,0,0,0,null,null,null,null,0,0,0,0,0,0,0,0
reflect,none,0,field-effect,0,0,0,0,null,null,null,null,0,0,0,0,0,0,0,0
focus-energy,none,0,unique,0,0,0,0,null,null,null,null,0,0,0,0,0,0,0,0
bide,none,0,damage,0,0,0,0,null,null,null,null,0,0,0,0,0,0,0,0
metronome,none,0,unique,0,0,0,0,null,null,null,null,0,0,0,0,0,0,0,0
mirror-move,none,0,unique,0,0,0,0,null,null,null,null,0,0,0,0,0,0,0,0
self-destruct,none,0,damage,0,0,0,0,null,null,null,null,0,0,0,0,0,0,0,0
egg-bomb,none,0,damage,0,0,0,0,null,null,null,null,0,0,0,0,0,0,0,0
lick,paralysis,30,damage+ailment,0,0,0,0,null,null,null,null,0,0,0,0,0,0,0,0
smog,poison,40,damage+ailment,0,0,0,0,null,null,null,null,0,0,0,0,0,0,0,0
sludge,poison,30,damage+ailment,0,0,0,0,null,null,null,null,0,0,0,0,0,0,0,0
bone-club,none,0,damage,0,0,10,0,null,null,null,null,0,0,0,0,0,0,0,0
fire-blast,burn,10,damage+ailment,0,0,0,0,null,null,null,null,0,0,0,0,0,0,0,0
waterfall,none,0,damage,0,0,20,0,null,null,null,null,0,0,0,0,0,0,0,0
clamp,trap,100,damage+ailment,0,0,0,0,null,null,5,6,0,0,0,0,0,0,0,0
swift,none,0,damage,0,0,0,0,null,null,null,null,0,0,0,0,0,0,0,0
skull-bash,none,100,damage,0,0,0,0,null,null,null,null,0,0,0,0,0,0,0,0
spike-cannon,none,0,damage,0,0,0,0,5,2,null,null,0,0,0,0,0,0,0,0
constrict,none,0,damage+lower,0,0,0,0,null,null,null,null,10,0,0,0,0,-1,0,0
amnesia,none,0,net-good-stats,0,0,0,0,null,null,null,null,0,0,0,0,2,0,0,0
kinesis,none,0,net-good-stats,0,0,0,0,null,null,null,null,0,0,0,0,0,0,-1,0
soft-boiled,none,0,heal,0,0,0,50,null,null,null,null,0,0,0,0,0,0,0,0
high-jump-kick,none,0,damage,0,0,0,0,null,null,null,null,0,0,0,0,0,0,0,0
glare,paralysis,0,ailment,0,0,0,0,null,null,null,null,0,0,0,0,0,0,0,0
dream-eater,none,0,damage+heal,0,50,0,0,null,null,null,null,0,0,0,0,0,0,0,0
poison-gas,poison,0,ailment,0,0,0,0,null,null,null,null,0,0,0,0,0,0,0,0
barrage,none,0,damage,0,0,0,0,5,2,null,null,0,0,0,0,0,0,0,0
leech-life,none,0,damage+heal,0,50,0,0,null,null,null,null,0,0,0,0,0,0,0,0
lovely-kiss,sleep,0,ailment,0,0,0,0,null,null,2,4,0,0,0,0,0,0,0,0
sky-attack,none,0,damage,1,0,30,0,null,null,null,null,0,0,0,0,0,0,0,0
transform,none,0,unique,0,0,0,0,null,null,null,null,0,0,0,0,0,0,0,0
bubble,none,0,damage+lower,0,0,0,0,null,null,null,null,10,0,0,0,0,-1,0,0
dizzy-punch,confusion,20,damage+ailment,0,0,0,0,null,null,2,5,0,0,0,0,0,0,0,0
spore,sleep,0,ailment,0,0,0,0,null,null,2,4,0,0,0,0,0,0,0,0
flash,none,0,net-good-stats,0,0,0,0,null,null,null,null,0,0,0,0,0,0,-1,0
psywave,none,0,damage,0,0,0,0,null,null,null,null,0,0,0,0,0,0,0,0
splash,none,0,unique,0,0,0,0,null,null,null,null,0,0,0,0,0,0,0,0
acid-armor,none,0,net-good-stats,0,0,0,0,null,null,null,null,0,0,2,0,0,0,0,0
crabhammer,none,0,damage,1,0,0,0,null,null,null,null,0,0,0,0,0,0,0,0
explosion,none,0,damage,0,0,0,0,null,null,null,null,0,0,0,0,0,0,0,0
fury-swipes,none,0,damage,0,0,0,0,5,2,null,null,0,0,0,0,0,0,0,0
bonemerang,none,0,damage,0,0,0,0,2,2,null,null,0,0,0,0,0,0,0,0
rest,none,0,unique,0,0,0,0,null,null,null,null,0,0,0,0,0,0,0,0
rock-slide,none,0,damage,0,0,30,0,null,null,null,null,0,0,0,0,0,0,0,0
hyper-fang,none,0,damage,0,0,10,0,null,null,null,null,0,0,0,0,0,0,0,0
sharpen,none,0,net-good-stats,0,0,0,0,null,null,null,null,0,1,0,0,0,0,0,0
conversion,none,0,unique,0,0,0,0,null,null,null,null,0,0,0,0,0,0,0,0
tri-attack,unknown,20,damage+ailment,0,0,0,0,null,null,null,null,0,0,0,0,0,0,0,0
super-fang,none,0,damage,0,0,0,0,null,null,null,null,0,0,0,0,0,0,0,0
slash,none,0,damage,1,0,0,0,null,null,null,null,0,0,0,0,0,0,0,0
substitute,none,0,unique,0,0,0,0,null,null,null,null,0,0,0,0,0,0,0,0
struggle,none,0,damage,0,0,0,-25,null,null,null,null,0,0,0,0,0,0,0,0
sketch,none,0,unique,0,0,0,0,null,null,null,null,0,0,0,0,0,0,0,0
triple-kick,none,0,damage,0,0,0,0,3,3,null,null,0,0,0,0,0,0,0,0
thief,none,0,damage,0,0,0,0,null,null,null,null,0,0,0,0,0,0,0,0
spider-web,none,0,unique,0,0,0,0,null,null,null,null,0,0,0,0,0,0,0,0
mind-reader,none,0,unique,0,0,0,0,null,null,null,null,0,0,0,0,0,0,0,0
nightmare,nightmare,0,ailment,0,0,0,0,null,null,null,null,0,0,0,0,0,0,0,0
flame-wheel,burn,10,damage+ailment,0,0,0,0,null,null,null,null,0,0,0,0,0,0,0,0
snore,none,0,damage,0,0,30,0,null,null,null,null,0,0,0,0,0,0,0,0
curse,none,0,unique,0,0,0,0,null,null,null,null,0,0,0,0,0,0,0,0
flail,none,0,damage,0,0,0,0,null,null,null,null,0,0,0,0,0,0,0,0
conversion-2,none,0,unique,0,0,0,0,null,null,null,null,0,0,0,0,0,0,0,0
aeroblast,none,0,damage,1,0,0,0,null,null,null,null,0,0,0,0,0,0,0,0
cotton-spore,none,0,net-good-stats,0,0,0,0,null,null,null,null,0,0,0,0,0,-2,0,0
reversal,none,0,damage,0,0,0,0,null,null,null,null,0,0,0,0,0,0,0,0
spite,none,0,unique,0,0,0,0,null,null,null,null,0,0,0,0,0,0,0,0
powder-snow,freeze,10,damage+ailment,0,0,0,0,null,null,null,null,0,0,0,0,0,0,0,0
protect,none,0,unique,0,0,0,0,null,null,null,null,0,0,0,0,0,0,0,0
mach-punch,none,0,damage,0,0,0,0,null,null,null,null,0,0,0,0,0,0,0,0
scary-face,none,0,net-good-stats,0,0,0,0,null,null,null,null,0,0,0,0,0,-2,0,0
feint-attack,none,0,damage,0,0,0,0,null,null,null,null,0,0,0,0,0,0,0,0
sweet-kiss,confusion,0,ailment,0,0,0,0,null,null,2,5,0,0,0,0,0,0,0,0
belly-drum,none,0,unique,0,0,0,0,null,null,null,null,0,0,0,0,0,0,0,0
sludge-bomb,poison,30,damage+ailment,0,0,0,0,null,null,null,null,0,0,0,0,0,0,0,0
mud-slap,none,0,damage+lower,0,0,0,0,null,null,null,null,100,0,0,0,0,0,-1,0
octazooka,none,0,damage+lower,0,0,0,0,null,null,null,null,50,0,0,0,0,0,-1,0
spikes,none,0,field-effect,0,0,0,0,null,null,null,null,0,0,0,0,0,0,0,0
zap-cannon,paralysis,100,damage+ailment,0,0,0,0,null,null,null,null,0,0,0,0,0,0,0,0
foresight,no-type-immunity,0,ailment,0,0,0,0,null,null,null,null,0,0,0,0,0,0,0,0
destiny-bond,none,0,unique,0,0,0,0,null,null,null,null,0,0,0,0,0,0,0,0
perish-song,perish-song,0,ailment,0,0,0,0,null,null,4,4,0,0,0,0,0,0,0,0
icy-wind,none,0,damage+lower,0,0,0,0,null,null,null,null,100,0,0,0,0,-1,0,0
detect,none,0,unique,0,0,0,0,null,null,null,null,0,0,0,0,0,0,0,0
bone-rush,none,0,damage,0,0,0,0,5,2,null,null,0,0,0,0,0,0,0,0
lock-on,none,0,unique,0,0,0,0,null,null,null,null,0,0,0,0,0,0,0,0
outrage,none,0,damage,0,0,0,0,null,null,null,null,0,0,0,0,0,0,0,0
sandstorm,none,0,whole-field-effect,0,0,0,0,null,null,null,null,0,0,0,0,0,0,0,0
giga-drain,none,0,damage+heal,0,50,0,0,null,null,null,null,0,0,0,0,0,0,0,0
endure,none,0,unique,0,0,0,0,null,null,null,null,0,0,0,0,0,0,0,0
charm,none,0,net-good-stats,0,0,0,0,null,null,null,null,0,-2,0,0,0,0,0,0
rollout,none,0,damage,0,0,0,0,null,null,null,null,0,0,0,0,0,0,0,0
false-swipe,none,0,damage,0,0,0,0,null,null,null,null,0,0,0,0,0,0,0,0
swagger,confusion,0,swagger,0,0,0,0,null,null,2,5,0,2,0,0,0,0,0,0
milk-drink,none,0,heal,0,0,0,50,null,null,null,null,0,0,0,0,0,0,0,0
spark,paralysis,30,damage+ailment,0,0,0,0,null,null,null,null,0,0,0,0,0,0,0,0
fury-cutter,none,0,damage,0,0,0,0,null,null,null,null,0,0,0,0,0,0,0,0
steel-wing,none,0,damage+raise,0,0,0,0,null,null,null,null,10,0,1,0,0,0,0,0
mean-look,none,0,unique,0,0,0,0,null,null,null,null,0,0,0,0,0,0,0,0
attract,infatuation,0,ailment,0,0,0,0,null,null,null,null,0,0,0,0,0,0,0,0
sleep-talk,none,0,unique,0,0,0,0,null,null,null,null,0,0,0,0,0,0,0,0
heal-bell,none,0,unique,0,0,0,0,null,null,null,null,0,0,0,0,0,0,0,0
return,none,0,damage,0,0,0,0,null,null,null,null,0,0,0,0,0,0,0,0
present,none,0,damage,0,0,0,0,null,null,null,null,0,0,0,0,0,0,0,0
frustration,none,0,damage,0,0,0,0,null,null,null,null,0,0,0,0,0,0,0,0
safeguard,none,0,field-effect,0,0,0,0,null,null,null,null,0,0,0,0,0,0,0,0
pain-split,none,0,unique,0,0,0,0,null,null,null,null,0,0,0,0,0,0,0,0
sacred-fire,burn,50,damage+ailment,0,0,0,0,null,null,null,null,0,0,0,0,0,0,0,0
magnitude,none,0,damage,0,0,0,0,null,null,null,null,0,0,0,0,0,0,0,0
dynamic-punch,confusion,100,damage+ailment,0,0,0,0,null,null,2,5,0,0,0,0,0,0,0,0
megahorn,none,0,damage,0,0,0,0,null,null,null,null,0,0,0,0,0,0,0,0
dragon-breath,paralysis,30,damage+ailment,0,0,0,0,null,null,null,null,0,0,0,0,0,0,0,0
baton-pass,none,0,unique,0,0,0,0,null,null,null,null,0,0,0,0,0,0,0,0
encore,none,0,unique,0,0,0,0,null,null,null,null,0,0,0,0,0,0,0,0
pursuit,none,0,damage,0,0,0,0,null,null,null,null,0,0,0,0,0,0,0,0
rapid-spin,none,0,damage+raise,0,0,0,0,null,null,null,null,100,0,0,0,0,1,0,0
sweet-scent,none,0,net-good-stats,0,0,0,0,null,null,null,null,0,0,0,0,0,0,0,-2
iron-tail,none,0,damage+lower,0,0,0,0,null,null,null,null,30,0,-1,0,0,0,0,0
metal-claw,none,0,damage+raise,0,0,0,0,null,null,null,null,10,1,0,0,0,0,0,0
vital-throw,none,0,damage,0,0,0,0,null,null,null,null,0,0,0,0,0,0,0,0
morning-sun,none,0,heal,0,0,0,50,null,null,null,null,0,0,0,0,0,0,0,0
synthesis,none,0,heal,0,0,0,50,null,null,null,null,0,0,0,0,0,0,0,0
moonlight,none,0,heal,0,0,0,50,null,null,null,null,0,0,0,0,0,0,0,0
hidden-power,none,0,damage,0,0,0,0,null,null,null,null,0,0,0,0,0,0,0,0
cross-chop,none,0,damage,1,0,0,0,null,null,null,null,0,0,0,0,0,0,0,0
twister,none,0,damage,0,0,20,0,null,null,null,null,0,0,0,0,0,0,0,0
rain-dance,none,0,whole-field-effect,0,0,0,0,null,null,null,null,0,0,0,0,0,0,0,0
sunny-day,none,0,whole-field-effect,0,0,0,0,null,null,null,null,0,0,0,0,0,0,0,0
crunch,none,0,damage+lower,0,0,0,0,null,null,null,null,20,0,-1,0,0,0,0,0
mirror-coat,none,0,damage,0,0,0,0,null,null,null,null,0,0,0,0,0,0,0,0
psych-up,none,0,unique,0,0,0,0,null,null,null,null,0,0,0,0,0,0,0,0
extreme-speed,none,0,damage,0,0,0,0,null,null,null,null,0,0,0,0,0,0,0,0
ancient-power,none,0,damage+raise,0,0,0,0,null,null,null,null,10,1,1,1,1,1,0,0
shadow-ball,none,0,damage+lower,0,0,0,0,null,null,null,null,20,0,0,0,-1,0,0,0
future-sight,none,0,unique,0,0,0,0,null,null,null,null,0,0,0,0,0,0,0,0
rock-smash,none,0,damage+lower,0,0,0,0,null,null,null,null,50,0,-1,0,0,0,0,0
whirlpool,trap,100,damage+ailment,0,0,0,0,null,null,5,6,0,0,0,0,0,0,0,0
beat-up,none,0,damage,0,0,0,0,6,6,null,null,0,0,0,0,0,0,0,0
fake-out,none,0,damage,0,0,100,0,null,null,null,null,0,0,0,0,0,0,0,0
uproar,none,0,damage,0,0,0,0,null,null,3,3,0,0,0,0,0,0,0,0
stockpile,none,0,unique,0,0,0,0,null,null,null,null,0,0,1,0,1,0,0,0
spit-up,none,0,damage,0,0,0,0,null,null,null,null,0,0,0,0,0,0,0,0
swallow,none,0,heal,0,0,0,25,null,null,null,null,0,0,0,0,0,0,0,0
heat-wave,burn,10,damage+ailment,0,0,0,0,null,null,null,null,0,0,0,0,0,0,0,0
hail,none,0,whole-field-effect,0,0,0,0,null,null,null,null,0,0,0,0,0,0,0,0
torment,torment,0,ailment,0,0,0,0,null,null,null,null,0,0,0,0,0,0,0,0
flatter,confusion,0,swagger,0,0,0,0,null,null,2,5,0,0,0,1,0,0,0,0
will-o-wisp,burn,0,ailment,0,0,0,0,null,null,null,null,0,0,0,0,0,0,0,0
memento,none,0,unique,0,0,0,0,null,null,null,null,0,-2,0,-2,0,0,0,0
facade,none,0,damage,0,0,0,0,null,null,null,null,0,0,0,0,0,0,0,0
focus-punch,none,0,damage,0,0,0,0,null,null,null,null,0,0,0,0,0,0,0,0
smelling-salts,none,0,damage,0,0,0,0,null,null,null,null,0,0,0,0,0,0,0,0
follow-me,none,0,unique,0,0,0,0,null,null,null,null,0,0,0,0,0,0,0,0
nature-power,none,0,unique,0,0,0,0,null,null,null,null,0,0,0,0,0,0,0,0
charge,none,0,net-good-stats,0,0,0,0,null,null,null,null,0,0,0,0,1,0,0,0
taunt,none,0,unique,0,0,0,0,null,null,null,null,0,0,0,0,0,0,0,0
helping-hand,none,0,unique,0,0,0,0,null,null,null,null,0,0,0,0,0,0,0,0
trick,none,0,unique,0,0,0,0,null,null,null,null,0,0,0,0,0,0,0,0
role-play,none,0,unique,0,0,0,0,null,null,null,null,0,0,0,0,0,0,0,0
wish,none,0,unique,0,0,0,0,null,null,null,null,0,0,0,0,0,0,0,0
assist,none,0,unique,0,0,0,0,null,null,null,null,0,0,0,0,0,0,0,0
ingrain,ingrain,0,ailment,0,0,0,0,null,null,null,null,0,0,0,0,0,0,0,0
superpower,none,0,damage+raise,0,0,0,0,null,null,null,null,100,-1,-1,0,0,0,0,0
magic-coat,none,0,unique,0,0,0,0,null,null,null,null,0,0,0,0,0,0,0,0
recycle,none,0,unique,0,0,0,0,null,null,null,null,0,0,0,0,0,0,0,0
revenge,none,0,damage,0,0,0,0,null,null,null,null,0,0,0,0,0,0,0,0
brick-break,none,0,damage,0,0,0,0,null,null,null,null,0,0,0,0,0,0,0,0
yawn,yawn,0,ailment,0,0,0,0,null,null,2,2,0,0,0,0,0,0,0,0
knock-off,none,0,damage,0,0,0,0,null,null,null,null,0,0,0,0,0,0,0,0
endeavor,none,0,damage,0,0,0,0,null,null,null,null,0,0,0,0,0,0,0,0
eruption,none,0,damage,0,0,0,0,null,null,null,null,0,0,0,0,0,0,0,0
skill-swap,none,0,unique,0,0,0,0,null,null,null,null,0,0,0,0,0,0,0,0
imprison,none,0,unique,0,0,0,0,null,null,null,null,0,0,0,0,0,0,0,0
refresh,none,0,unique,0,0,0,0,null,null,null,null,0,0,0,0,0,0,0,0
grudge,none,0,unique,0,0,0,0,null,null,null,null,0,0,0,0,0,0,0,0
snatch,none,0,unique,0,0,0,0,null,null,null,null,0,0,0,0,0,0,0,0
secret-power,none,30,damage,0,0,0,0,null,null,null,null,0,0,0,0,0,0,0,0
dive,none,0,damage,0,0,0,0,null,null,null,null,0,0,0,0,0,0,0,0
arm-thrust,none,0,damage,0,0,0,0,5,2,null,null,0,0,0,0,0,0,0,0
camouflage,none,0,unique,0,0,0,0,null,null,null,null,0,0,0,0,0,0,0,0
tail-glow,none,0,net-good-stats,0,0,0,0,null,null,null,null,0,0,0,3,0,0,0,0
luster-purge,none,0,damage+lower,0,0,0,0,null,null,null,null,50,0,0,0,-1,0,0,0
mist-ball,none,0,damage+lower,0,0,0,0,null,null,null,null,50,0,0,-1,0,0,0,0
feather-dance,none,0,net-good-stats,0,0,0,0,null,null,null,null,0,-2,0,0,0,0,0,0
teeter-dance,confusion,0,ailment,0,0,0,0,null,null,2,5,0,0,0,0,0,0,0,0
blaze-kick,burn,10,damage+ailment,1,0,0,0,null,null,null,null,0,0,0,0,0,0,0,0
mud-sport,none,0,whole-field-effect,0,0,0,0,null,null,null,null,0,0,0,0,0,0,0,0
ice-ball,none,0,damage,0,0,0,0,null,null,null,null,0,0,0,0,0,0,0,0
needle-arm,none,0,damage,0,0,30,0,null,null,null,null,0,0,0,0,0,0,0,0
slack-off,none,0,heal,0,0,0,50,null,null,null,null,0,0,0,0,0,0,0,0
hyper-voice,none,0,damage,0,0,0,0,null,null,null,null,0,0,0,0,0,0,0,0
poison-fang,poison,50,damage+ailment,0,0,0,0,null,null,null,null,0,0,0,0,0,0,0,0
crush-claw,none,0,damage+lower,0,0,0,0,null,null,null,null,50,0,-1,0,0,0,0,0
blast-burn,none,0,damage,0,0,0,0,null,null,null,null,0,0,0,0,0,0,0,0
hydro-cannon,none,0,damage,0,0,0,0,null,null,null,null,0,0,0,0,0,0,0,0
meteor-mash,none,0,damage+raise,0,0,0,0,null,null,null,null,20,1,0,0,0,0,0,0
astonish,none,0,damage,0,0,30,0,null,null,null,null,0,0,0,0,0,0,0,0
weather-ball,none,0,damage,0,0,0,0,null,null,null,null,0,0,0,0,0,0,0,0
aromatherapy,none,0,unique,0,0,0,0,null,null,null,null,0,0,0,0,0,0,0,0
fake-tears,none,0,net-good-stats,0,0,0,0,null,null,null,null,0,0,0,0,-2,0,0,0
air-cutter,none,0,damage,1,0,0,0,null,null,null,null,0,0,0,0,0,0,0,0
overheat,none,0,damage+raise,0,0,0,0,null,null,null,null,100,0,0,-2,0,0,0,0
odor-sleuth,no-type-immunity,0,ailment,0,0,0,0,null,null,null,null,0,0,0,0,0,0,0,0
rock-tomb,none,0,damage+lower,0,0,0,0,null,null,null,null,100,0,0,0,0,-1,0,0
silver-wind,none,0,damage+raise,0,0,0,0,null,null,null,null,10,1,1,1,1,1,0,0
metal-sound,none,0,net-good-stats,0,0,0,0,null,null,null,null,0,0,0,0,-2,0,0,0
grass-whistle,sleep,0,ailment,0,0,0,0,null,null,2,4,0,0,0,0,0,0,0,0
tickle,none,0,net-good-stats,0,0,0,0,null,null,null,null,0,-1,-1,0,0,0,0,0
cosmic-power,none,0,net-good-stats,0,0,0,0,null,null,null,null,0,0,1,0,1,0,0,0
water-spout,none,0,damage,0,0,0,0,null,null,null,null,0,0,0,0,0,0,0,0
signal-beam,confusion,10,damage+ailment,0,0,0,0,null,null,2,5,0,0,0,0,0,0,0,0
shadow-punch,none,0,damage,0,0,0,0,null,null,null,null,0,0,0,0,0,0,0,0
extrasensory,none,0,damage,0,0,10,0,null,null,null,null,0,0,0,0,0,0,0,0
sky-uppercut,none,0,damage,0,0,0,0,null,null,null,null,0,0,0,0,0,0,0,0
sand-tomb,trap,100,damage+ailment,0,0,0,0,null,null,5,6,0,0,0,0,0,0,0,0
sheer-cold,none,0,ohko,0,0,0,0,null,null,null,null,0,0,0,0,0,0,0,0
muddy-water,none,0,damage+lower,0,0,0,0,null,null,null,null,30,0,0,0,0,0,-1,0
bullet-seed,none,0,damage,0,0,0,0,5,2,null,null,0,0,0,0,0,0,0,0
aerial-ace,none,0,damage,0,0,0,0,null,null,null,null,0,0,0,0,0,0,0,0
icicle-spear,none,0,damage,0,0,0,0,5,2,null,null,0,0,0,0,0,0,0,0
iron-defense,none,0,net-good-stats,0,0,0,0,null,null,null,null,0,0,2,0,0,0,0,0
block,none,0,unique,0,0,0,0,null,null,null,null,0,0,0,0,0,0,0,0
howl,none,0,net-good-stats,0,0,0,0,null,null,null,null,0,1,0,0,0,0,0,0
dragon-claw,none,0,damage,0,0,0,0,null,null,null,null,0,0,0,0,0,0,0,0
frenzy-plant,none,0,damage,0,0,0,0,null,null,null,null,0,0,0,0,0,0,0,0
bulk-up,none,0,net-good-stats,0,0,0,0,null,null,null,null,0,1,1,0,0,0,0,0
bounce,paralysis,30,damage+ailment,0,0,0,0,null,null,null,null,0,0,0,0,0,0,0,0
mud-shot,none,0,damage+lower,0,0,0,0,null,null,null,null,100,0,0,0,0,-1,0,0
poison-tail,poison,10,damage+ailment,1,0,0,0,null,null,null,null,0,0,0,0,0,0,0,0
covet,none,0,damage,0,0,0,0,null,null,null,null,0,0,0,0,0,0,0,0
volt-tackle,paralysis,10,damage+ailment,0,-33,0,0,null,null,null,null,0,0,0,0,0,0,0,0
magical-leaf,none,0,damage,0,0,0,0,null,null,null,null,0,0,0,0,0,0,0,0
water-sport,none,0,whole-field-effect,0,0,0,0,null,null,null,null,0,0,0,0,0,0,0,0
calm-mind,none,0,net-good-stats,0,0,0,0,null,null,null,null,0,0,0,1,1,0,0,0
leaf-blade,none,0,damage,1,0,0,0,null,null,null,null,0,0,0,0,0,0,0,0
dragon-dance,none,0,net-good-stats,0,0,0,0,null,null,null,null,0,1,0,0,0,1,0,0
rock-blast,none,0,damage,0,0,0,0,5,2,null,null,0,0,0,0,0,0,0,0
shock-wave,none,0,damage,0,0,0,0,null,null,null,null,0,0,0,0,0,0,0,0
water-pulse,confusion,20,damage+ailment,0,0,0,0,null,null,2,5,0,0,0,0,0,0,0,0
doom-desire,none,0,unique,0,0,0,0,null,null,null,null,0,0,0,0,0,0,0,0
psycho-boost,none,0,damage+raise,0,0,0,0,null,null,null,null,100,0,0,-2,0,0,0,0
roost,none,0,heal,0,0,0,50,null,null,null,null,0,0,0,0,0,0,0,0
gravity,none,0,whole-field-effect,0,0,0,0,null,null,null,null,0,0,0,0,0,0,0,0
miracle-eye,no-type-immunity,0,ailment,0,0,0,0,null,null,null,null,0,0,0,0,0,0,0,0
wake-up-slap,none,0,damage,0,0,0,0,null,null,null,null,0,0,0,0,0,0,0,0
hammer-arm,none,0,damage+raise,0,0,0,0,null,null,null,null,100,0,0,0,0,-1,0,0
gyro-ball,none,0,damage,0,0,0,0,null,null,null,null,0,0,0,0,0,0,0,0
healing-wish,none,0,unique,0,0,0,0,null,null,null,null,0,0,0,0,0,0,0,0
brine,none,0,damage,0,0,0,0,null,null,null,null,0,0,0,0,0,0,0,0
natural-gift,none,0,damage,0,0,0,0,null,null,null,null,0,0,0,0,0,0,0,0
feint,none,0,damage,0,0,0,0,null,null,null,null,0,0,0,0,0,0,0,0
pluck,none,0,damage,0,0,0,0,null,null,null,null,0,0,0,0,0,0,0,0
tailwind,none,0,field-effect,0,0,0,0,null,null,null,null,0,0,0,0,0,0,0,0
acupressure,none,0,unique,0,0,0,0,null,null,null,null,0,0,0,0,0,0,0,0
metal-burst,none,0,damage,0,0,0,0,null,null,null,null,0,0,0,0,0,0,0,0
u-turn,none,0,damage,0,0,0,0,null,null,null,null,0,0,0,0,0,0,0,0
close-combat,none,0,damage+raise,0,0,0,0,null,null,null,null,100,0,-1,0,-1,0,0,0
payback,none,0,damage,0,0,0,0,null,null,null,null,0,0,0,0,0,0,0,0
assurance,none,0,damage,0,0,0,0,null,null,null,null,0,0,0,0,0,0,0,0
embargo,embargo,0,ailment,0,0,0,0,null,null,5,5,0,0,0,0,0,0,0,0
fling,none,0,damage,0,0,0,0,null,null,null,null,0,0,0,0,0,0,0,0
psycho-shift,none,0,unique,0,0,0,0,null,null,null,null,0,0,0,0,0,0,0,0
trump-card,none,0,damage,0,0,0,0,null,null,null,null,0,0,0,0,0,0,0,0
heal-block,heal-block,0,ailment,0,0,0,0,null,null,5,5,0,0,0,0,0,0,0,0
wring-out,none,0,damage,0,0,0,0,null,null,null,null,0,0,0,0,0,0,0,0
power-trick,none,0,unique,0,0,0,0,null,null,null,null,0,0,0,0,0,0,0,0
gastro-acid,none,0,unique,0,0,0,0,null,null,null,null,0,0,0,0,0,0,0,0
lucky-chant,none,0,field-effect,0,0,0,0,null,null,null,null,0,0,0,0,0,0,0,0
me-first,none,0,damage,0,0,0,0,null,null,null,null,0,0,0,0,0,0,0,0
copycat,none,0,unique,0,0,0,0,null,null,null,null,0,0,0,0,0,0,0,0
power-swap,none,0,unique,0,0,0,0,null,null,null,null,0,0,0,0,0,0,0,0
guard-swap,none,0,unique,0,0,0,0,null,null,null,null,0,0,0,0,0,0,0,0
punishment,none,0,damage,0,0,0,0,null,null,null,null,0,0,0,0,0,0,0,0
last-resort,none,0,damage,0,0,0,0,null,null,null,null,0,0,0,0,0,0,0,0
worry-seed,none,0,unique,0,0,0,0,null,null,null,null,0,0,0,0,0,0,0,0
sucker-punch,none,0,damage,0,0,0,0,null,null,null,null,0,0,0,0,0,0,0,0
toxic-spikes,none,0,field-effect,0,0,0,0,null,null,null,null,0,0,0,0,0,0,0,0
heart-swap,none,0,unique,0,0,0,0,null,null,null,null,0,0,0,0,0,0,0,0
aqua-ring,none,0,unique,0,0,0,0,null,null,null,null,0,0,0,0,0,0,0,0
magnet-rise,none,0,unique,0,0,0,0,null,null,null,null,0,0,0,0,0,0,0,0
flare-blitz,burn,10,damage+ailment,0,-33,0,0,null,null,null,null,0,0,0,0,0,0,0,0
force-palm,paralysis,30,damage+ailment,0,0,0,0,null,null,null,null,0,0,0,0,0,0,0,0
aura-sphere,none,0,damage,0,0,0,0,null,null,null,null,0,0,0,0,0,0,0,0
rock-polish,none,0,net-good-stats,0,0,0,0,null,null,null,null,0,0,0,0,0,2,0,0
poison-jab,poison,30,damage+ailment,0,0,0,0,null,null,null,null,0,0,0,0,0,0,0,0
dark-pulse,none,0,damage,0,0,20,0,null,null,null,null,0,0,0,0,0,0,0,0
night-slash,none,0,damage,1,0,0,0,null,null,null,null,0,0,0,0,0,0,0,0
aqua-tail,none,0,damage,0,0,0,0,null,null,null,null,0,0,0,0,0,0,0,0
seed-bomb,none,0,damage,0,0,0,0,null,null,null,null,0,0,0,0,0,0,0,0
air-slash,none,0,damage,0,0,30,0,null,null,null,null,0,0,0,0,0,0,0,0
x-scissor,none,0,damage,0,0,0,0,null,null,null,null,0,0,0,0,0,0,0,0
bug-buzz,none,0,damage+lower,0,0,0,0,null,null,null,null,10,0,0,0,-1,0,0,0
dragon-pulse,none,0,damage,0,0,0,0,null,null,null,null,0,0,0,0,0,0,0,0
dragon-rush,none,0,damage,0,0,20,0,null,null,null,null,0,0,0,0,0,0,0,0
power-gem,none,0,damage,0,0,0,0,null,null,null,null,0,0,0,0,0,0,0,0
drain-punch,none,0,damage+heal,0,50,0,0,null,null,null,null,0,0,0,0,0,0,0,0
vacuum-wave,none,0,damage,0,0,0,0,null,null,null,null,0,0,0,0,0,0,0,0
focus-blast,none,0,damage+lower,0,0,0,0,null,null,null,null,10,0,0,0,-1,0,0,0
energy-ball,none,0,damage+lower,0,0,0,0,null,null,null,null,10,0,0,0,-1,0,0,0
brave-bird,none,0,damage,0,-33,0,0,null,null,null,null,0,0,0,0,0,0,0,0
earth-power,none,0,damage+lower,0,0,0,0,null,null,null,null,10,0,0,0,-1,0,0,0
switcheroo,none,0,unique,0,0,0,0,null,null,null,null,0,0,0,0,0,0,0,0
giga-impact,none,0,damage,0,0,0,0,null,null,null,null,0,0,0,0,0,0,0,0
nasty-plot,none,0,net-good-stats,0,0,0,0,null,null,null,null,0,0,0,2,0,0,0,0
bullet-punch,none,0,damage,0,0,0,0,null,null,null,null,0,0,0,0,0,0,0,0
avalanche,none,0,damage,0,0,0,0,null,null,null,null,0,0,0,0,0,0,0,0
ice-shard,none,0,damage,0,0,0,0,null,null,null,null,0,0,0,0,0,0,0,0
shadow-claw,none,0,damage,1,0,0,0,null,null,null,null,0,0,0,0,0,0,0,0
thunder-fang,paralysis,10,damage+ailment,0,0,10,0,null,null,null,null,0,0,0,0,0,0,0,0
ice-fang,freeze,10,damage+ailment,0,0,10,0,null,null,null,null,0,0,0,0,0,0,0,0
fire-fang,burn,10,damage+ailment,0,0,10,0,null,null,null,null,0,0,0,0,0,0,0,0
shadow-sneak,none,0,damage,0,0,0,0,null,null,null,null,0,0,0,0,0,0,0,0
mud-bomb,none,0,damage+lower,0,0,0,0,null,null,null,null,30,0,0,0,0,0,-1,0
psycho-cut,none,0,damage,1,0,0,0,null,null,null,null,0,0,0,0,0,0,0,0
zen-headbutt,none,0,damage,0,0,20,0,null,null,null,null,0,0,0,0,0,0,0,0
mirror-shot,none,0,damage+lower,0,0,0,0,null,null,null,null,30,0,0,0,0,0,-1,0
flash-cannon,none,0,damage+lower,0,0,0,0,null,null,null,null,10,0,0,0,-1,0,0,0
rock-climb,confusion,20,damage+ailment,0,0,0,0,null,null,2,5,0,0,0,0,0,0,0,0
defog,none,0,unique,0,0,0,0,null,null,null,null,0,0,0,0,0,0,0,-1
trick-room,none,0,whole-field-effect,0,0,0,0,null,null,null,null,0,0,0,0,0,0,0,0
draco-meteor,none,0,damage+raise,0,0,0,0,null,null,null,null,100,0,0,-2,0,0,0,0
discharge,paralysis,30,damage+ailment,0,0,0,0,null,null,null,null,0,0,0,0,0,0,0,0
lava-plume,burn,30,damage+ailment,0,0,0,0,null,null,null,null,0,0,0,0,0,0,0,0
leaf-storm,none,0,damage+raise,0,0,0,0,null,null,null,null,100,0,0,-2,0,0,0,0
power-whip,none,0,damage,0,0,0,0,null,null,null,null,0,0,0,0,0,0,0,0
rock-wrecker,none,0,damage,0,0,0,0,null,null,null,null,0,0,0,0,0,0,0,0
cross-poison,poison,10,damage+ailment,1,0,0,0,null,null,null,null,0,0,0,0,0,0,0,0
gunk-shot,poison,30,damage+ailment,0,0,0,0,null,null,null,null,0,0,0,0,0,0,0,0
iron-head,none,0,damage,0,0,30,0,null,null,null,null,0,0,0,0,0,0,0,0
magnet-bomb,none,0,damage,0,0,0,0,null,null,null,null,0,0,0,0,0,0,0,0
stone-edge,none,0,damage,1,0,0,0,null,null,null,null,0,0,0,0,0,0,0,0
captivate,none,0,net-good-stats,0,0,0,0,null,null,null,null,0,0,0,-2,0,0,0,0
stealth-rock,none,0,field-effect,0,0,0,0,null,null,null,null,0,0,0,0,0,0,0,0
grass-knot,none,0,damage,0,0,0,0,null,null,null,null,0,0,0,0,0,0,0,0
chatter,confusion,100,damage+ailment,0,0,0,0,null,null,2,5,0,0,0,0,0,0,0,0
judgment,none,0,damage,0,0,0,0,null,null,null,null,0,0,0,0,0,0,0,0
bug-bite,none,0,damage,0,0,0,0,null,null,null,null,0,0,0,0,0,0,0,0
charge-beam,none,0,damage+raise,0,0,0,0,null,null,null,null,70,0,0,1,0,0,0,0
wood-hammer,none,0,damage,0,-33,0,0,null,null,null,null,0,0,0,0,0,0,0,0
aqua-jet,none,0,damage,0,0,0,0,null,null,null,null,0,0,0,0,0,0,0,0
attack-order,none,0,damage,1,0,0,0,null,null,null,null,0,0,0,0,0,0,0,0
defend-order,none,0,net-good-stats,0,0,0,0,null,null,null,null,0,0,1,0,1,0,0,0
heal-order,none,0,heal,0,0,0,50,null,null,null,null,0,0,0,0,0,0,0,0
head-smash,none,0,damage,0,-50,0,0,null,null,null,null,0,0,0,0,0,0,0,0
double-hit,none,0,damage,0,0,0,0,2,2,null,null,0,0,0,0,0,0,0,0
roar-of-time,none,0,damage,0,0,0,0,null,null,null,null,0,0,0,0,0,0,0,0
spacial-rend,none,0,damage,1,0,0,0,null,null,null,null,0,0,0,0,0,0,0,0
lunar-dance,none,0,unique,0,0,0,0,null,null,null,null,0,0,0,0,0,0,0,0
crush-grip,none,0,damage,0,0,0,0,null,null,null,null,0,0,0,0,0,0,0,0
magma-storm,trap,100,damage+ailment,0,0,0,0,null,null,5,6,0,0,0,0,0,0,0,0
dark-void,sleep,0,ailment,0,0,0,0,null,null,2,4,0,0,0,0,0,0,0,0
seed-flare,none,0,damage+lower,0,0,0,0,null,null,null,null,40,0,0,0,-2,0,0,0
ominous-wind,none,10,damage+raise,0,0,0,0,null,null,null,null,10,1,1,1,1,1,0,0
shadow-force,none,0,damage,0,0,0,0,null,null,null,null,0,0,0,0,0,0,0,0
hone-claws,none,0,net-good-stats,0,0,0,0,null,null,null,null,0,1,0,0,0,0,1,0
wide-guard,none,0,field-effect,0,0,0,0,null,null,null,null,0,0,0,0,0,0,0,0
guard-split,none,0,unique,0,0,0,0,null,null,null,null,0,0,0,0,0,0,0,0
power-split,none,0,unique,0,0,0,0,null,null,null,null,0,0,0,0,0,0,0,0
wonder-room,none,0,whole-field-effect,0,0,0,0,null,null,null,null,0,0,0,0,0,0,0,0
psyshock,none,0,damage,0,0,0,0,null,null,null,null,0,0,0,0,0,0,0,0
venoshock,none,0,damage,0,0,0,0,null,null,null,null,0,0,0,0,0,0,0,0
autotomize,none,0,net-good-stats,0,0,0,0,null,null,null,null,0,0,0,0,0,2,0,0
rage-powder,none,0,unique,0,0,0,0,null,null,null,null,0,0,0,0,0,0,0,0
telekinesis,unknown,0,ailment,0,0,0,0,null,null,3,3,0,0,0,0,0,0,0,0
magic-room,none,0,whole-field-effect,0,0,0,0,null,null,null,null,0,0,0,0,0,0,0,0
smack-down,unknown,100,damage,0,0,0,0,null,null,null,null,0,0,0,0,0,0,0,0
storm-throw,none,0,damage,6,0,0,0,null,null,null,null,0,0,0,0,0,0,0,0
flame-burst,none,0,damage,0,0,0,0,null,null,null,null,0,0,0,0,0,0,0,0
sludge-wave,poison,10,damage+ailment,0,0,0,0,null,null,null,null,0,0,0,0,0,0,0,0
quiver-dance,none,0,net-good-stats,0,0,0,0,null,null,null,null,0,0,0,1,1,1,0,0
heavy-slam,none,0,damage,0,0,0,0,null,null,null,null,0,0,0,0,0,0,0,0
synchronoise,none,0,damage,0,0,0,0,null,null,null,null,0,0,0,0,0,0,0,0
electro-ball,none,0,damage,0,0,0,0,null,null,null,null,0,0,0,0,0,0,0,0
soak,none,0,unique,0,0,0,0,null,null,null,null,0,0,0,0,0,0,0,0
flame-charge,none,0,damage+raise,0,0,0,0,null,null,null,null,100,0,0,0,0,1,0,0
coil,none,0,net-good-stats,0,0,0,0,null,null,null,null,0,1,1,0,0,0,1,0
low-sweep,none,0,damage+lower,0,0,0,0,null,null,null,null,100,0,0,0,0,-1,0,0
acid-spray,none,0,damage+lower,0,0,0,0,null,null,null,null,100,0,0,0,-2,0,0,0
foul-play,none,0,damage,0,0,0,0,null,null,null,null,0,0,0,0,0,0,0,0
simple-beam,none,0,unique,0,0,0,0,null,null,null,null,0,0,0,0,0,0,0,0
entrainment,none,0,unique,0,0,0,0,null,null,null,null,0,0,0,0,0,0,0,0
after-you,none,0,unique,0,0,0,0,null,null,null,null,0,0,0,0,0,0,0,0
round,none,0,damage,0,0,0,0,null,null,null,null,0,0,0,0,0,0,0,0
echoed-voice,none,0,damage,0,0,0,0,null,null,null,null,0,0,0,0,0,0,0,0
chip-away,none,0,damage,0,0,0,0,null,null,null,null,0,0,0,0,0,0,0,0
clear-smog,none,0,damage,0,0,0,0,null,null,null,null,0,0,0,0,0,0,0,0
stored-power,none,0,damage,0,0,0,0,null,null,null,null,0,0,0,0,0,0,0,0
quick-guard,none,0,field-effect,0,0,0,0,null,null,null,null,0,0,0,0,0,0,0,0
ally-switch,none,0,unique,0,0,0,0,null,null,null,null,0,0,0,0,0,0,0,0
scald,burn,30,damage+ailment,0,0,0,0,null,null,null,null,0,0,0,0,0,0,0,0
shell-smash,none,0,unique,0,0,0,0,null,null,null,null,0,2,-1,2,-1,2,0,0
heal-pulse,none,0,heal,0,0,0,50,null,null,null,null,0,0,0,0,0,0,0,0
hex,none,0,damage,0,0,0,0,null,null,null,null,0,0,0,0,0,0,0,0
sky-drop,none,0,damage,0,0,0,0,null,null,null,null,0,0,0,0,0,0,0,0
shift-gear,none,0,net-good-stats,0,0,0,0,null,null,null,null,0,1,0,0,0,2,0,0
circle-throw,none,0,damage,0,0,0,0,null,null,null,null,0,0,0,0,0,0,0,0
incinerate,none,0,damage,0,0,0,0,null,null,null,null,0,0,0,0,0,0,0,0
quash,none,0,unique,0,0,0,0,null,null,null,null,0,0,0,0,0,0,0,0
acrobatics,none,0,damage,0,0,0,0,null,null,null,null,0,0,0,0,0,0,0,0
reflect-type,none,0,unique,0,0,0,0,null,null,null,null,0,0,0,0,0,0,0,0
retaliate,none,0,damage,0,0,0,0,null,null,null,null,0,0,0,0,0,0,0,0
final-gambit,none,0,damage,0,0,0,0,null,null,null,null,0,0,0,0,0,0,0,0
bestow,none,0,unique,0,0,0,0,null,null,null,null,0,0,0,0,0,0,0,0
inferno,burn,100,damage+ailment,0,0,0,0,null,null,null,null,0,0,0,0,0,0,0,0
water-pledge,none,0,damage,0,0,0,0,null,null,null,null,0,0,0,0,0,0,0,0
fire-pledge,none,0,damage,0,0,0,0,null,null,null,null,0,0,0,0,0,0,0,0
grass-pledge,none,0,damage,0,0,0,0,null,null,null,null,0,0,0,0,0,0,0,0
volt-switch,none,0,damage,0,0,0,0,null,null,null,null,0,0,0,0,0,0,0,0
struggle-bug,none,0,damage+lower,0,0,0,0,null,null,null,null,100,0,0,-1,0,0,0,0
bulldoze,none,0,damage+lower,0,0,0,0,null,null,null,null,100,0,0,0,0,-1,0,0
frost-breath,none,100,damage,6,0,0,0,null,null,null,null,0,0,0,0,0,0,0,0
dragon-tail,none,0,damage,0,0,0,0,null,null,null,null,0,0,0,0,0,0,0,0
work-up,none,0,net-good-stats,0,0,0,0,null,null,null,null,0,1,0,1,0,0,0,0
electroweb,none,0,damage+lower,0,0,0,0,null,null,null,null,100,0,0,0,0,-1,0,0
wild-charge,none,0,damage,0,-25,0,0,null,null,null,null,0,0,0,0,0,0,0,0
drill-run,none,0,damage,1,0,0,0,null,null,null,null,0,0,0,0,0,0,0,0
dual-chop,none,0,damage,0,0,0,0,2,2,null,null,0,0,0,0,0,0,0,0
heart-stamp,none,0,damage,0,0,30,0,null,null,null,null,0,0,0,0,0,0,0,0
horn-leech,none,0,damage+heal,0,50,0,0,null,null,null,null,0,0,0,0,0,0,0,0
sacred-sword,none,0,damage,0,0,0,0,null,null,null,null,0,0,0,0,0,0,0,0
razor-shell,none,0,damage+lower,0,0,0,0,null,null,null,null,50,0,-1,0,0,0,0,0
heat-crash,none,0,damage,0,0,0,0,null,null,null,null,0,0,0,0,0,0,0,0
leaf-tornado,none,0,damage+lower,0,0,0,0,null,null,null,null,50,0,0,0,0,0,-1,0
steamroller,none,0,damage,0,0,30,0,null,null,null,null,0,0,0,0,0,0,0,0
cotton-guard,none,0,net-good-stats,0,0,0,0,null,null,null,null,0,0,3,0,0,0,0,0
night-daze,none,0,damage+lower,0,0,0,0,null,null,null,null,40,0,0,0,0,0,-1,0
psystrike,none,0,damage,0,0,0,0,null,null,null,null,0,0,0,0,0,0,0,0
tail-slap,none,0,damage,0,0,0,0,5,2,null,null,0,0,0,0,0,0,0,0
hurricane,confusion,30,damage+ailment,0,0,0,0,null,null,2,5,0,0,0,0,0,0,0,0
head-charge,none,0,damage,0,-25,0,0,null,null,null,null,0,0,0,0,0,0,0,0
gear-grind,none,0,damage,0,0,0,0,2,2,null,null,0,0,0,0,0,0,0,0
searing-shot,burn,30,damage+ailment,0,0,0,0,null,null,null,null,0,0,0,0,0,0,0,0
techno-blast,none,0,damage,0,0,0,0,null,null,null,null,0,0,0,0,0,0,0,0
relic-song,sleep,10,damage+ailment,0,0,0,0,null,null,2,4,0,0,0,0,0,0,0,0
secret-sword,none,0,damage,0,0,0,0,null,null,null,null,0,0,0,0,0,0,0,0
glaciate,none,0,damage+lower,0,0,0,0,null,null,null,null,100,0,0,0,0,-1,0,0
bolt-strike,paralysis,20,damage+ailment,0,0,0,0,null,null,null,null,0,0,0,0,0,0,0,0
blue-flare,burn,20,damage+ailment,0,0,0,0,null,null,null,null,0,0,0,0,0,0,0,0
fiery-dance,none,0,damage+raise,0,0,0,0,null,null,null,null,50,0,0,1,0,0,0,0
freeze-shock,paralysis,30,damage+ailment,0,0,0,0,null,null,null,null,0,0,0,0,0,0,0,0
ice-burn,burn,30,damage+ailment,0,0,0,0,null,null,null,null,0,0,0,0,0,0,0,0
snarl,none,0,damage+lower,0,0,0,0,null,null,null,null,100,0,0,-1,0,0,0,0
icicle-crash,none,0,damage,0,0,30,0,null,null,null,null,0,0,0,0,0,0,0,0
v-create,none,0,damage+raise,0,0,0,0,null,null,null,null,100,0,-1,0,-1,-1,0,0
fusion-flare,none,0,damage,0,0,0,0,null,null,null,null,0,0,0,0,0,0,0,0
fusion-bolt,none,0,damage,0,0,0,0,null,null,null,null,0,0,0,0,0,0,0,0
flying-press,none,0,damage,0,0,0,0,null,null,null,null,0,0,0,0,0,0,0,0
mat-block,none,0,field-effect,0,0,0,0,null,null,null,null,0,0,0,0,0,0,0,0
belch,none,0,damage,0,0,0,0,null,null,null,null,0,0,0,0,0,0,0,0
rototiller,none,0,net-good-stats,0,0,0,0,null,null,null,null,100,1,0,1,0,0,0,0
sticky-web,none,0,field-effect,0,0,0,0,null,null,null,null,0,0,0,0,0,0,0,0
fell-stinger,none,0,damage,0,0,0,0,null,null,null,null,0,0,0,0,0,0,0,0
phantom-force,none,0,damage,0,0,0,0,null,null,null,null,0,0,0,0,0,0,0,0
trick-or-treat,none,0,unique,0,0,0,0,null,null,null,null,0,0,0,0,0,0,0,0
noble-roar,none,0,net-good-stats,0,0,0,0,null,null,null,null,100,-1,0,-1,0,0,0,0
ion-deluge,none,0,whole-field-effect,0,0,0,0,null,null,null,null,0,0,0,0,0,0,0,0
parabolic-charge,none,0,damage+heal,0,50,0,0,null,null,null,null,0,0,0,0,0,0,0,0
forests-curse,none,0,unique,0,0,0,0,null,null,null,null,0,0,0,0,0,0,0,0
petal-blizzard,none,0,damage,0,0,0,0,null,null,null,null,0,0,0,0,0,0,0,0
freeze-dry,freeze,10,damage+ailment,0,0,0,0,null,null,null,null,0,0,0,0,0,0,0,0
disarming-voice,none,0,damage,0,0,0,0,null,null,null,null,0,0,0,0,0,0,0,0
parting-shot,none,0,net-good-stats,0,0,0,0,null,null,null,null,100,-1,0,-1,0,0,0,0
topsy-turvy,none,0,unique,0,0,0,0,null,null,null,null,0,0,0,0,0,0,0,0
draining-kiss,none,0,damage+heal,0,75,0,0,null,null,null,null,0,0,0,0,0,0,0,0
crafty-shield,none,0,field-effect,0,0,0,0,null,null,null,null,0,0,0,0,0,0,0,0
flower-shield,none,0,unique,0,0,0,0,null,null,null,null,100,0,1,0,0,0,0,0
grassy-terrain,none,0,whole-field-effect,0,0,0,0,null,null,null,null,0,0,0,0,0,0,0,0
misty-terrain,none,0,whole-field-effect,0,0,0,0,null,null,null,null,0,0,0,0,0,0,0,0
electrify,none,0,unique,0,0,0,0,null,null,null,null,0,0,0,0,0,0,0,0
play-rough,none,0,damage+lower,0,0,0,0,null,null,null,null,10,-1,0,0,0,0,0,0
fairy-wind,none,0,damage,0,0,0,0,null,null,null,null,0,0,0,0,0,0,0,0
moonblast,none,0,damage+lower,0,0,0,0,null,null,null,null,30,0,0,-1,0,0,0,0
boomburst,none,0,damage,0,0,0,0,null,null,null,null,0,0,0,0,0,0,0,0
fairy-lock,none,0,whole-field-effect,0,0,0,0,null,null,null,null,0,0,0,0,0,0,0,0
kings-shield,none,0,unique,0,0,0,0,null,null,null,null,0,0,0,0,0,0,0,0
play-nice,none,0,net-good-stats,0,0,0,0,null,null,null,null,100,-1,0,0,0,0,0,0
confide,none,0,net-good-stats,0,0,0,0,null,null,null,null,100,0,0,-1,0,0,0,0
diamond-storm,none,0,damage+raise,0,0,0,0,null,null,null,null,50,0,2,0,0,0,0,0
steam-eruption,burn,30,damage+ailment,0,0,0,0,null,null,null,null,0,0,0,0,0,0,0,0
hyperspace-hole,none,0,damage,0,0,0,0,null,null,null,null,0,0,0,0,0,0,0,0
water-shuriken,none,0,damage,0,0,0,0,5,2,null,null,0,0,0,0,0,0,0,0
mystical-fire,none,0,damage+lower,0,0,0,0,null,null,null,null,100,0,0,-1,0,0,0,0
spiky-shield,none,0,unique,0,0,0,0,null,null,null,null,0,0,0,0,0,0,0,0
aromatic-mist,none,0,net-good-stats,0,0,0,0,null,null,null,null,0,0,0,0,1,0,0,0
eerie-impulse,none,0,net-good-stats,0,0,0,0,null,null,null,null,0,0,0,-2,0,0,0,0
venom-drench,none,0,net-good-stats,0,0,0,0,null,null,null,null,100,-1,0,-1,0,-1,0,0
powder,none,0,unique,0,0,0,0,null,null,null,null,0,0,0,0,0,0,0,0
geomancy,none,0,net-good-stats,0,0,0,0,null,null,null,null,0,0,0,2,2,2,0,0
magnetic-flux,none,0,net-good-stats,0,0,0,0,null,null,null,null,0,0,1,0,1,0,0,0
happy-hour,none,0,unique,0,0,0,0,null,null,null,null,0,0,0,0,0,0,0,0
electric-terrain,none,0,whole-field-effect,0,0,0,0,null,null,null,null,0,0,0,0,0,0,0,0
dazzling-gleam,none,0,damage,0,0,0,0,null,null,null,null,0,0,0,0,0,0,0,0
celebrate,none,0,unique,0,0,0,0,null,null,null,null,0,0,0,0,0,0,0,0
hold-hands,none,0,unique,0,0,0,0,null,null,null,null,0,0,0,0,0,0,0,0
baby-doll-eyes,none,0,net-good-stats,0,0,0,0,null,null,null,null,0,-1,0,0,0,0,0,0
nuzzle,paralysis,100,damage+ailment,0,0,0,0,null,null,null,null,0,0,0,0,0,0,0,0
hold-back,none,0,damage,0,0,0,0,null,null,null,null,0,0,0,0,0,0,0,0
infestation,trap,100,damage+ailment,0,0,0,0,null,null,5,6,0,0,0,0,0,0,0,0
power-up-punch,none,0,damage+raise,0,0,0,0,null,null,null,null,100,1,0,0,0,0,0,0
oblivion-wing,none,0,damage+heal,0,75,0,0,null,null,null,null,0,0,0,0,0,0,0,0
thousand-arrows,unknown,100,damage,0,0,0,0,null,null,null,null,0,0,0,0,0,0,0,0
thousand-waves,none,0,damage,0,0,0,0,null,null,null,null,0,0,0,0,0,0,0,0
lands-wrath,none,0,damage,0,0,0,0,null,null,null,null,0,0,0,0,0,0,0,0
light-of-ruin,none,0,damage,0,-50,0,0,null,null,null,null,0,0,0,0,0,0,0,0
origin-pulse,none,0,damage,0,0,0,0,null,null,null,null,0,0,0,0,0,0,0,0
precipice-blades,none,0,damage,0,0,0,0,null,null,null,null,0,0,0,0,0,0,0,0
dragon-ascent,none,0,damage+raise,0,0,0,0,null,null,null,null,100,0,-1,0,-1,0,0,0
hyperspace-fury,none,0,damage+raise,0,0,0,0,null,null,null,null,100,0,-1,0,0,0,0,0
breakneck-blitz--physical,none,0,damage,0,0,0,0,null,null,null,null,0,0,0,0,0,0,0,0
breakneck-blitz--special,none,0,damage,0,0,0,0,null,null,null,null,0,0,0,0,0,0,0,0
all-out-pummeling--physical,none,0,damage,0,0,0,0,null,null,null,null,0,0,0,0,0,0,0,0
all-out-pummeling--special,none,0,damage,0,0,0,0,null,null,null,null,0,0,0,0,0,0,0,0
supersonic-skystrike--physical,none,0,damage,0,0,0,0,null,null,null,null,0,0,0,0,0,0,0,0
supersonic-skystrike--special,none,0,damage,0,0,0,0,null,null,null,null,0,0,0,0,0,0,0,0
acid-downpour--physical,none,0,damage,0,0,0,0,null,null,null,null,0,0,0,0,0,0,0,0
acid-downpour--special,none,0,damage,0,0,0,0,null,null,null,null,0,0,0,0,0,0,0,0
tectonic-rage--physical,none,0,damage,0,0,0,0,null,null,null,null,0,0,0,0,0,0,0,0
tectonic-rage--special,none,0,damage,0,0,0,0,null,null,null,null,0,0,0,0,0,0,0,0
continental-crush--physical,none,0,damage,0,0,0,0,null,null,null,null,0,0,0,0,0,0,0,0
continental-crush--special,none,0,damage,0,0,0,0,null,null,null,null,0,0,0,0,0,0,0,0
savage-spin-out--physical,none,0,damage,0,0,0,0,null,null,null,null,0,0,0,0,0,0,0,0
savage-spin-out--special,none,0,damage,0,0,0,0,null,null,null,null,0,0,0,0,0,0,0,0
never-ending-nightmare--physical,none,0,damage,0,0,0,0,null,null,null,null,0,0,0,0,0,0,0,0
never-ending-nightmare--special,none,0,damage,0,0,0,0,null,null,null,null,0,0,0,0,0,0,0,0
corkscrew-crash--physical,none,0,damage,0,0,0,0,null,null,null,null,0,0,0,0,0,0,0,0
corkscrew-crash--special,none,0,damage,0,0,0,0,null,null,null,null,0,0,0,0,0,0,0,0
inferno-overdrive--physical,none,0,damage,0,0,0,0,null,null,null,null,0,0,0,0,0,0,0,0
inferno-overdrive--special,none,0,damage,0,0,0,0,null,null,null,null,0,0,0,0,0,0,0,0
hydro-vortex--physical,none,0,damage,0,0,0,0,null,null,null,null,0,0,0,0,0,0,0,0
hydro-vortex--special,none,0,damage,0,0,0,0,null,null,null,null,0,0,0,0,0,0,0,0
bloom-doom--physical,none,0,damage,0,0,0,0,null,null,null,null,0,0,0,0,0,0,0,0
bloom-doom--special,none,0,damage,0,0,0,0,null,null,null,null,0,0,0,0,0,0,0,0
gigavolt-havoc--physical,none,0,damage,0,0,0,0,null,null,null,null,0,0,0,0,0,0,0,0
gigavolt-havoc--special,none,0,damage,0,0,0,0,null,null,null,null,0,0,0,0,0,0,0,0
shattered-psyche--physical,none,0,damage,0,0,0,0,null,null,null,null,0,0,0,0,0,0,0,0
shattered-psyche--special,none,0,damage,0,0,0,0,null,null,null,null,0,0,0,0,0,0,0,0
subzero-slammer--physical,none,0,damage,0,0,0,0,null,null,null,null,0,0,0,0,0,0,0,0
subzero-slammer--special,none,0,damage,0,0,0,0,null,null,null,null,0,0,0,0,0,0,0,0
devastating-drake--physical,none,0,damage,0,0,0,0,null,null,null,null,0,0,0,0,0,0,0,0
devastating-drake--special,none,0,damage,0,0,0,0,null,null,null,null,0,0,0,0,0,0,0,0
black-hole-eclipse--physical,none,0,damage,0,0,0,0,null,null,null,null,0,0,0,0,0,0,0,0
black-hole-eclipse--special,none,0,damage,0,0,0,0,null,null,null,null,0,0,0,0,0,0,0,0
twinkle-tackle--physical,none,0,damage,0,0,0,0,null,null,null,null,0,0,0,0,0,0,0,0
twinkle-tackle--special,none,0,damage,0,0,0,0,null,null,null,null,0,0,0,0,0,0,0,0
catastropika,none,0,damage,0,0,0,0,null,null,null,null,0,0,0,0,0,0,0,0
shore-up,none,0,heal,0,0,0,50,null,null,null,null,0,0,0,0,0,0,0,0
first-impression,none,0,damage,0,0,0,0,null,null,null,null,0,0,0,0,0,0,0,0
baneful-bunker,none,0,unique,0,0,0,0,null,null,null,null,0,0,0,0,0,0,0,0
spirit-shackle,none,0,damage,0,0,0,0,null,null,null,null,0,0,0,0,0,0,0,0
darkest-lariat,none,0,damage,0,0,0,0,null,null,null,null,0,0,0,0,0,0,0,0
sparkling-aria,none,0,damage,0,0,0,0,null,null,null,null,0,0,0,0,0,0,0,0
ice-hammer,none,0,damage+raise,0,0,0,0,null,null,null,null,100,0,0,0,0,-1,0,0
floral-healing,none,0,heal,0,0,0,50,null,null,null,null,0,0,0,0,0,0,0,0
high-horsepower,none,0,damage,0,0,0,0,null,null,null,null,0,0,0,0,0,0,0,0
strength-sap,none,0,unique,0,0,0,0,null,null,null,null,100,-1,0,0,0,0,0,0
solar-blade,none,0,damage,0,0,0,0,null,null,null,null,0,0,0,0,0,0,0,0
leafage,none,0,damage,0,0,0,0,null,null,null,null,0,0,0,0,0,0,0,0
spotlight,none,0,unique,0,0,0,0,null,null,null,null,0,0,0,0,0,0,0,0
toxic-thread,poison,100,swagger,0,0,0,0,null,null,null,null,100,0,0,0,0,-1,0,0
laser-focus,none,0,unique,0,0,0,0,null,null,null,null,0,0,0,0,0,0,0,0
gear-up,none,0,net-good-stats,0,0,0,0,null,null,null,null,0,1,0,1,0,0,0,0
throat-chop,silence,100,damage+ailment,0,0,0,0,null,null,2,2,0,0,0,0,0,0,0,0
pollen-puff,none,0,damage,0,0,0,0,null,null,null,null,0,0,0,0,0,0,0,0
anchor-shot,none,0,damage,0,0,0,0,null,null,null,null,0,0,0,0,0,0,0,0
psychic-terrain,none,0,whole-field-effect,0,0,0,0,null,null,null,null,0,0,0,0,0,0,0,0
lunge,none,0,damage+lower,0,0,0,0,null,null,null,null,100,-1,0,0,0,0,0,0
fire-lash,none,0,damage+lower,0,0,0,0,null,null,null,null,100,0,-1,0,0,0,0,0
power-trip,none,0,damage,0,0,0,0,null,null,null,null,0,0,0,0,0,0,0,0
burn-up,none,0,damage,0,0,0,0,null,null,null,null,0,0,0,0,0,0,0,0
speed-swap,none,0,unique,0,0,0,0,null,null,null,null,0,0,0,0,0,0,0,0
smart-strike,none,0,damage,0,0,0,0,null,null,null,null,0,0,0,0,0,0,0,0
purify,none,0,unique,0,0,0,50,null,null,null,null,0,0,0,0,0,0,0,0
revelation-dance,none,0,damage,0,0,0,0,null,null,null,null,0,0,0,0,0,0,0,0
core-enforcer,none,0,damage,0,0,0,0,null,null,null,null,0,0,0,0,0,0,0,0
trop-kick,none,0,damage+lower,0,0,0,0,null,null,null,null,100,-1,0,0,0,0,0,0
instruct,none,0,unique,0,0,0,0,null,null,null,null,0,0,0,0,0,0,0,0
beak-blast,none,0,damage,0,0,0,0,null,null,null,null,0,0,0,0,0,0,0,0
clanging-scales,none,0,damage+raise,0,0,0,0,null,null,null,null,100,0,-1,0,0,0,0,0
dragon-hammer,none,0,damage,0,0,0,0,null,null,null,null,0,0,0,0,0,0,0,0
brutal-swing,none,0,damage,0,0,0,0,null,null,null,null,0,0,0,0,0,0,0,0
aurora-veil,none,0,field-effect,0,0,0,0,null,null,null,null,0,0,0,0,0,0,0,0
sinister-arrow-raid,none,0,damage,0,0,0,0,null,null,null,null,0,0,0,0,0,0,0,0
malicious-moonsault,none,0,damage,0,0,0,0,null,null,null,null,0,0,0,0,0,0,0,0
oceanic-operetta,none,0,damage,0,0,0,0,null,null,null,null,0,0,0,0,0,0,0,0
guardian-of-alola,none,0,damage,0,0,0,0,null,null,null,null,0,0,0,0,0,0,0,0
soul-stealing-7-star-strike,none,0,damage,0,0,0,0,null,null,null,null,0,0,0,0,0,0,0,0
stoked-sparksurfer,paralysis,100,damage+ailment,0,0,0,0,null,null,null,null,0,0,0,0,0,0,0,0
pulverizing-pancake,none,0,damage,0,0,0,0,null,null,null,null,0,0,0,0,0,0,0,0
extreme-evoboost,none,0,net-good-stats,0,0,0,0,null,null,null,null,100,2,2,2,2,2,0,0
genesis-supernova,none,0,damage,0,0,0,0,null,null,null,null,0,0,0,0,0,0,0,0
shell-trap,none,0,damage,0,0,0,0,null,null,null,null,0,0,0,0,0,0,0,0
fleur-cannon,none,0,damage+raise,0,0,0,0,null,null,null,null,100,0,0,-2,0,0,0,0
psychic-fangs,none,0,damage,0,0,0,0,null,null,null,null,0,0,0,0,0,0,0,0
stomping-tantrum,none,0,damage,0,0,0,0,null,null,null,null,0,0,0,0,0,0,0,0
shadow-bone,none,0,damage+lower,0,0,0,0,null,null,null,null,20,0,-1,0,0,0,0,0
accelerock,none,0,damage,0,0,0,0,null,null,null,null,0,0,0,0,0,0,0,0
liquidation,none,0,damage+lower,0,0,0,0,null,null,null,null,20,0,-1,0,0,0,0,0
prismatic-laser,none,0,damage,0,0,0,0,null,null,null,null,0,0,0,0,0,0,0,0
spectral-thief,none,0,damage,0,0,0,0,null,null,null,null,0,0,0,0,0,0,0,0
sunsteel-strike,none,0,damage,0,0,0,0,null,null,null,null,0,0,0,0,0,0,0,0
moongeist-beam,none,0,damage,0,0,0,0,null,null,null,null,0,0,0,0,0,0,0,0
tearful-look,none,0,net-good-stats,0,0,0,0,null,null,null,null,100,-1,0,-1,0,0,0,0
zing-zap,none,0,damage,0,0,30,0,null,null,null,null,0,0,0,0,0,0,0,0
natures-madness,none,0,damage,0,0,0,0,null,null,null,null,0,0,0,0,0,0,0,0
multi-attack,none,0,damage,0,0,0,0,null,null,null,null,0,0,0,0,0,0,0,0
10-000-000-volt-thunderbolt,none,0,damage,2,0,0,0,null,null,null,null,0,0,0,0,0,0,0,0
mind-blown,none,0,damage,0,0,0,0,null,null,null,null,0,0,0,0,0,0,0,0
plasma-fists,none,0,damage,0,0,0,0,null,null,null,null,0,0,0,0,0,0,0,0
photon-geyser,none,0,damage,0,0,0,0,null,null,null,null,0,0,0,0,0,0,0,0
light-that-burns-the-sky,none,0,damage,0,0,0,0,null,null,null,null,0,0,0,0,0,0,0,0
searing-sunraze-smash,none,0,damage,0,0,0,0,null,null,null,null,0,0,0,0,0,0,0,0
menacing-moonraze-maelstrom,none,0,damage,0,0,0,0,null,null,null,null,0,0,0,0,0,0,0,0
lets-snuggle-forever,none,0,damage,0,0,0,0,null,null,null,null,0,0,0,0,0,0,0,0
splintered-stormshards,none,0,damage,0,0,0,0,null,null,null,null,0,0,0,0,0,0,0,0
clangorous-soulblaze,none,0,damage+raise,0,0,0,0,null,null,null,null,100,1,1,1,1,1,0,0
zippy-zap,none,0,damage+raise,0,0,0,0,null,null,null,null,100,0,0,0,0,0,0,1
splishy-splash,paralysis,30,damage+ailment,0,0,0,0,null,null,null,null,0,0,0,0,0,0,0,0
floaty-fall,none,0,damage,0,0,30,0,null,null,null,null,0,0,0,0,0,0,0,0
pika-papow,none,0,damage,0,0,0,0,null,null,null,null,0,0,0,0,0,0,0,0
bouncy-bubble,none,0,damage+heal,0,100,0,0,null,null,null,null,0,0,0,0,0,0,0,0
buzzy-buzz,paralysis,100,damage+ailment,0,0,0,0,null,null,null,null,0,0,0,0,0,0,0,0
sizzly-slide,burn,100,damage+ailment,0,0,0,0,null,null,null,null,0,0,0,0,0,0,0,0
glitzy-glow,none,0,damage,0,0,0,0,null,null,null,null,0,0,0,0,0,0,0,0
baddy-bad,none,0,damage,0,0,0,0,null,null,null,null,0,0,0,0,0,0,0,0
sappy-seed,leech-seed,100,damage+ailment,0,0,0,0,null,null,null,null,0,0,0,0,0,0,0,0
freezy-frost,none,0,damage,0,0,0,0,null,null,null,null,0,0,0,0,0,0,0,0
sparkly-swirl,none,0,damage,0,0,0,0,null,null,null,null,0,0,0,0,0,0,0,0
veevee-volley,none,0,damage,0,0,0,0,null,null,null,null,0,0,0,0,0,0,0,0
double-iron-bash,none,0,damage,0,0,30,0,2,2,null,null,0,0,0,0,0,0,0,0
max-guard,none,0,unique,0,0,0,0,null,null,null,null,0,0,0,0,0,0,0,0
dynamax-cannon,none,0,damage,0,0,0,0,null,null,null,null,0,0,0,0,0,0,0,0
snipe-shot,none,0,damage,1,0,0,0,null,null,null,null,0,0,0,0,0,0,0,0
jaw-lock,none,0,damage,0,0,0,0,null,null,null,null,0,0,0,0,0,0,0,0
stuff-cheeks,none,0,net-good-stats,0,0,0,0,null,null,null,null,100,0,2,0,0,0,0,0
no-retreat,none,0,net-good-stats,0,0,0,0,null,null,null,null,100,1,1,1,1,1,0,0
tar-shot,tar-shot,100,swagger,0,0,0,0,null,null,null,null,100,0,0,0,0,-1,0,0
magic-powder,none,0,unique,0,0,0,0,null,null,null,null,0,0,0,0,0,0,0,0
dragon-darts,none,0,damage,0,0,0,0,2,2,null,null,0,0,0,0,0,0,0,0
teatime,none,0,unique,0,0,0,0,null,null,null,null,0,0,0,0,0,0,0,0
octolock,none,0,unique,0,0,0,0,null,null,null,null,0,0,0,0,0,0,0,0
bolt-beak,none,0,damage,0,0,0,0,null,null,null,null,0,0,0,0,0,0,0,0
fishious-rend,none,0,damage,0,0,0,0,null,null,null,null,0,0,0,0,0,0,0,0
court-change,none,0,unique,0,0,0,0,null,null,null,null,0,0,0,0,0,0,0,0
max-flare,none,0,damage,0,0,0,0,null,null,null,null,0,0,0,0,0,0,0,0
max-flutterby,none,0,damage,0,0,0,0,null,null,null,null,0,0,0,0,0,0,0,0
max-lightning,none,0,damage,0,0,0,0,null,null,null,null,0,0,0,0,0,0,0,0
max-strike,none,0,damage,0,0,0,0,null,null,null,null,0,0,0,0,0,0,0,0
max-knuckle,none,0,damage,0,0,0,0,null,null,null,null,0,0,0,0,0,0,0,0
max-phantasm,none,0,damage,0,0,0,0,null,null,null,null,0,0,0,0,0,0,0,0
max-hailstorm,none,0,damage,0,0,0,0,null,null,null,null,0,0,0,0,0,0,0,0
max-ooze,none,0,damage,0,0,0,0,null,null,null,null,0,0,0,0,0,0,0,0
max-geyser,none,0,damage,0,0,0,0,null,null,null,null,0,0,0,0,0,0,0,0
max-airstream,none,0,damage,0,0,0,0,null,null,null,null,0,0,0,0,0,0,0,0
max-starfall,none,0,damage,0,0,0,0,null,null,null,null,0,0,0,0,0,0,0,0
max-wyrmwind,none,0,damage,0,0,0,0,null,null,null,null,0,0,0,0,0,0,0,0
max-mindstorm,none,0,damage,0,0,0,0,null,null,null,null,0,0,0,0,0,0,0,0
max-rockfall,none,0,damage,0,0,0,0,null,null,null,null,0,0,0,0,0,0,0,0
max-quake,none,0,damage,0,0,0,0,null,null,null,null,0,0,0,0,0,0,0,0
max-darkness,none,0,damage,0,0,0,0,null,null,null,null,0,0,0,0,0,0,0,0
max-overgrowth,none,0,damage,0,0,0,0,null,null,null,null,0,0,0,0,0,0,0,0
max-steelspike,none,0,damage,0,0,0,0,null,null,null,null,0,0,0,0,0,0,0,0
clangorous-soul,none,0,net-good-stats,0,0,0,-33,null,null,null,null,100,1,1,1,1,1,0,0
body-press,none,0,damage,0,0,0,0,null,null,null,null,0,0,0,0,0,0,0,0
decorate,none,0,net-good-stats,0,0,0,0,null,null,null,null,100,2,0,2,0,0,0,0
drum-beating,none,0,damage+lower,0,0,0,0,null,null,null,null,100,0,0,0,0,-1,0,0
snap-trap,trap,100,damage+ailment,0,0,0,0,null,null,5,6,0,0,0,0,0,0,0,0
pyro-ball,burn,10,damage+ailment,0,0,0,0,null,null,null,null,0,0,0,0,0,0,0,0
behemoth-blade,none,0,damage,0,0,0,0,null,null,null,null,0,0,0,0,0,0,0,0
behemoth-bash,none,0,damage,0,0,0,0,null,null,null,null,0,0,0,0,0,0,0,0
aura-wheel,none,0,damage+raise,0,0,0,0,null,null,null,null,100,0,0,0,0,1,0,0
breaking-swipe,none,0,damage+lower,0,0,0,0,null,null,null,null,100,-1,0,0,0,0,0,0
branch-poke,none,0,damage,0,0,0,0,null,null,null,null,0,0,0,0,0,0,0,0
overdrive,none,0,damage,0,0,0,0,null,null,null,null,0,0,0,0,0,0,0,0
apple-acid,none,0,damage+lower,0,0,0,0,null,null,null,null,100,0,0,0,-1,0,0,0
grav-apple,none,0,damage+lower,0,0,0,0,null,null,null,null,100,0,-1,0,0,0,0,0
spirit-break,none,0,damage+lower,0,0,0,0,null,null,null,null,100,0,0,-1,0,0,0,0
strange-steam,confusion,20,damage+ailment,0,0,0,0,null,null,2,5,0,0,0,0,0,0,0,0
life-dew,none,0,heal,0,0,0,25,null,null,null,null,0,0,0,0,0,0,0,0
obstruct,none,0,unique,0,0,0,0,null,null,null,null,0,0,0,0,0,0,0,0
false-surrender,none,0,damage,0,0,0,0,null,null,null,null,0,0,0,0,0,0,0,0
meteor-assault,none,0,damage,0,0,0,0,null,null,null,null,0,0,0,0,0,0,0,0
eternabeam,none,0,damage,0,0,0,0,null,null,null,null,0,0,0,0,0,0,0,0
steel-beam,none,0,damage,0,0,0,0,null,null,null,null,0,0,0,0,0,0,0,0
expanding-force,none,0,damage,0,0,0,0,null,null,null,null,0,0,0,0,0,0,0,0
steel-roller,none,0,damage,0,0,0,0,null,null,null,null,0,0,0,0,0,0,0,0
scale-shot,none,0,damage,0,0,0,0,5,2,null,null,0,0,0,0,0,0,0,0
meteor-beam,none,100,damage,0,0,0,0,null,null,null,null,0,0,0,0,0,0,0,0
shell-side-arm,poison,20,damage+ailment,0,0,0,0,null,null,null,null,0,0,0,0,0,0,0,0
misty-explosion,none,0,damage,0,0,0,0,null,null,null,null,0,0,0,0,0,0,0,0
grassy-glide,none,0,damage,0,0,0,0,null,null,null,null,0,0,0,0,0,0,0,0
rising-voltage,none,0,damage,0,0,0,0,null,null,null,null,0,0,0,0,0,0,0,0
terrain-pulse,none,0,damage,0,0,0,0,null,null,null,null,0,0,0,0,0,0,0,0
skitter-smack,none,0,damage+lower,0,0,0,0,null,null,null,null,100,0,0,-1,0,0,0,0
burning-jealousy,burn,100,damage+ailment,0,0,0,0,null,null,null,null,0,0,0,0,0,0,0,0
lash-out,none,0,damage,0,0,0,0,null,null,null,null,0,0,0,0,0,0,0,0
poltergeist,none,0,damage,0,0,0,0,null,null,null,null,0,0,0,0,0,0,0,0
corrosive-gas,none,0,unique,0,0,0,0,null,null,null,null,0,0,0,0,0,0,0,0
coaching,none,0,net-good-stats,0,0,0,0,null,null,null,null,100,1,1,0,0,0,0,0
flip-turn,none,0,damage,0,0,0,0,null,null,null,null,0,0,0,0,0,0,0,0
triple-axel,none,0,damage,0,0,0,0,3,3,null,null,0,0,0,0,0,0,0,0
dual-wingbeat,none,0,damage,0,0,0,0,2,2,null,null,0,0,0,0,0,0,0,0
scorching-sands,burn,30,damage+ailment,0,0,0,0,null,null,null,null,0,0,0,0,0,0,0,0
jungle-healing,none,0,unique,0,0,0,25,null,null,null,null,0,0,0,0,0,0,0,0
wicked-blow,none,0,damage,6,0,0,0,null,null,null,null,0,0,0,0,0,0,0,0
surging-strikes,none,0,damage,6,0,0,0,3,3,null,null,0,0,0,0,0,0,0,0
thunder-cage,trap,100,damage+ailment,0,0,0,0,null,null,5,6,0,0,0,0,0,0,0,0
dragon-energy,none,0,damage,0,0,0,0,null,null,null,null,0,0,0,0,0,0,0,0
freezing-glare,freeze,10,damage+ailment,0,0,0,0,null,null,null,null,0,0,0,0,0,0,0,0
fiery-wrath,none,0,damage,0,0,20,0,null,null,null,null,0,0,0,0,0,0,0,0
thunderous-kick,none,0,damage+lower,0,0,0,0,null,null,null,null,100,0,-1,0,0,0,0,0
glacial-lance,none,0,damage,0,0,0,0,null,null,null,null,0,0,0,0,0,0,0,0
astral-barrage,none,0,damage,0,0,0,0,null,null,null,null,0,0,0,0,0,0,0,0
eerie-spell,none,0,damage,0,0,0,0,null,null,null,null,0,0,0,0,0,0,0,0
dire-claw,none,0,damage,0,0,0,0,null,null,null,null,0,0,0,0,0,0,0,0
psyshield-bash,none,0,damage,0,0,0,0,null,null,null,null,0,0,0,0,0,0,0,0
power-shift,none,0,damage,0,0,0,0,null,null,null,null,0,0,0,0,0,0,0,0
stone-axe,none,0,damage,0,0,0,0,null,null,null,null,0,0,0,0,0,0,0,0
springtide-storm,none,0,damage,0,0,0,0,null,null,null,null,0,0,0,0,0,0,0,0
mystical-power,none,0,damage,0,0,0,0,null,null,null,null,0,0,0,0,0,0,0,0
raging-fury,none,0,damage,0,0,0,0,null,null,null,null,0,0,0,0,0,0,0,0
wave-crash,none,0,damage,0,0,0,0,null,null,null,null,0,0,0,0,0,0,0,0
chloroblast,none,0,damage,0,0,0,0,null,null,null,null,0,0,0,0,0,0,0,0
mountain-gale,none,0,damage,0,0,0,0,null,null,null,null,0,0,0,0,0,0,0,0
victory-dance,none,0,damage,0,0,0,0,null,null,null,null,0,0,0,0,0,0,0,0
headlong-rush,none,0,damage,0,0,0,0,null,null,null,null,0,0,0,0,0,0,0,0
barb-barrage,none,0,damage,0,0,0,0,null,null,null,null,0,0,0,0,0,0,0,0
esper-wing,none,0,damage,0,0,0,0,null,null,null,null,0,0,0,0,0,0,0,0
bitter-malice,none,0,damage,0,0,0,0,null,null,null,null,0,0,0,0,0,0,0,0
shelter,none,0,damage,0,0,0,0,null,null,null,null,0,0,0,0,0,0,0,0
triple-arrows,none,0,damage,0,0,0,0,null,null,null,null,0,0,0,0,0,0,0,0
infernal-parade,none,0,damage,0,0,0,0,null,null,null,null,0,0,0,0,0,0,0,0
ceaseless-edge,none,0,damage,0,0,0,0,null,null,null,null,0,0,0,0,0,0,0,0
bleakwind-storm,none,0,damage,0,0,0,0,null,null,null,null,0,0,0,0,0,0,0,0
wildbolt-storm,none,0,damage,0,0,0,0,null,null,null,null,0,0,0,0,0,0,0,0
sandsear-storm,none,0,damage,0,0,0,0,null,null,null,null,0,0,0,0,0,0,0,0
lunar-blessing,none,0,damage,0,0,0,0,null,null,null,null,0,0,0,0,0,0,0,0
take-heart,none,0,damage,0,0,0,0,null,null,null,null,0,0,0,0,0,0,0,0
tera-blast,none,0,damage,0,0,0,0,null,null,null,null,0,0,0,0,0,0,0,0
silk-trap,none,0,damage,0,0,0,0,null,null,null,null,0,0,0,0,0,0,0,0
axe-kick,none,0,damage,0,0,0,0,null,null,null,null,0,0,0,0,0,0,0,0
last-respects,none,0,damage,0,0,0,0,null,null,null,null,0,0,0,0,0,0,0,0
lumina-crash,none,0,damage,0,0,0,0,null,null,null,null,0,0,0,0,0,0,0,0
order-up,none,0,damage,0,0,0,0,null,null,null,null,0,0,0,0,0,0,0,0
jet-punch,none,0,damage,0,0,0,0,null,null,null,null,0,0,0,0,0,0,0,0
spicy-extract,none,0,damage,0,0,0,0,null,null,null,null,0,0,0,0,0,0,0,0
spin-out,none,0,damage,0,0,0,0,null,null,null,null,0,0,0,0,0,0,0,0
population-bomb,none,0,damage,0,0,0,0,null,null,null,null,0,0,0,0,0,0,0,0
ice-spinner,none,0,damage,0,0,0,0,null,null,null,null,0,0,0,0,0,0,0,0
glaive-rush,none,0,damage,0,0,0,0,null,null,null,null,0,0,0,0,0,0,0,0
revival-blessing,none,0,damage,0,0,0,0,null,null,null,null,0,0,0,0,0,0,0,0
salt-cure,none,0,damage,0,0,0,0,null,null,null,null,0,0,0,0,0,0,0,0
triple-dive,none,0,damage,0,0,0,0,null,null,null,null,0,0,0,0,0,0,0,0
mortal-spin,none,0,damage,0,0,0,0,null,null,null,null,0,0,0,0,0,0,0,0
doodle,none,0,damage,0,0,0,0,null,null,null,null,0,0,0,0,0,0,0,0
fillet-away,none,0,damage,0,0,0,0,null,null,null,null,0,0,0,0,0,0,0,0
kowtow-cleave,none,0,damage,0,0,0,0,null,null,null,null,0,0,0,0,0,0,0,0
flower-trick,none,0,damage,0,0,0,0,null,null,null,null,0,0,0,0,0,0,0,0
torch-song,none,0,damage,0,0,0,0,null,null,null,null,0,0,0,0,0,0,0,0
aqua-step,none,0,damage,0,0,0,0,null,null,null,null,0,0,0,0,0,0,0,0
raging-bull,none,0,damage,0,0,0,0,null,null,null,null,0,0,0,0,0,0,0,0
make-it-rain,none,0,damage,0,0,0,0,null,null,null,null,0,0,0,0,0,0,0,0
psyblade,none,0,damage,0,0,0,0,null,null,null,null,0,0,0,0,0,0,0,0
hydro-steam,none,0,damage,0,0,0,0,null,null,null,null,0,0,0,0,0,0,0,0
ruination,none,0,damage,0,0,0,0,null,null,null,null,0,0,0,0,0,0,0,0
collision-course,none,0,damage,0,0,0,0,null,null,null,null,0,0,0,0,0,0,0,0
electro-drift,none,0,damage,0,0,0,0,null,null,null,null,0,0,0,0,0,0,0,0
shed-tail,none,0,damage,0,0,0,0,null,null,null,null,0,0,0,0,0,0,0,0
chilly-reception,none,0,damage,0,0,0,0,null,null,null,null,0,0,0,0,0,0,0,0
tidy-up,none,0,damage,0,0,0,0,null,null,null,null,0,0,0,0,0,0,0,0
snowscape,none,0,damage,0,0,0,0,null,null,null,null,0,0,0,0,0,0,0,0
pounce,none,0,damage,0,0,0,0,null,null,null,null,0,0,0,0,0,0,0,0
trailblaze,none,0,damage,0,0,0,0,null,null,null,null,0,0,0,0,0,0,0,0
chilling-water,none,0,damage,0,0,0,0,null,null,null,null,0,0,0,0,0,0,0,0
hyper-drill,none,0,damage,0,0,0,0,null,null,null,null,0,0,0,0,0,0,0,0
twin-beam,none,0,damage,0,0,0,0,null,null,null,null,0,0,0,0,0,0,0,0
rage-fist,none,0,damage,0,0,0,0,null,null,null,null,0,0,0,0,0,0,0,0
armor-cannon,none,0,damage,0,0,0,0,null,null,null,null,0,0,0,0,0,0,0,0
bitter-blade,none,0,damage,0,0,0,0,null,null,null,null,0,0,0,0,0,0,0,0
double-shock,none,0,damage,0,0,0,0,null,null,null,null,0,0,0,0,0,0,0,0
gigaton-hammer,none,0,damage,0,0,0,0,null,null,null,null,0,0,0,0,0,0,0,0
comeuppance,none,0,damage,0,0,0,0,null,null,null,null,0,0,0,0,0,0,0,0
aqua-cutter,none,0,damage,0,0,0,0,null,null,null,null,0,0,0,0,0,0,0,0
blazing-torque,none,0,damage,0,0,0,0,null,null,null,null,0,0,0,0,0,0,0,0
wicked-torque,none,0,damage,0,0,0,0,null,null,null,null,0,0,0,0,0,0,0,0
noxious-torque,none,0,damage,0,0,0,0,null,null,null,null,0,0,0,0,0,0,0,0
combat-torque,none,0,damage,0,0,0,0,null,null,null,null,0,0,0,0,0,0,0,0
magical-torque,none,0,damage,0,0,0,0,null,null,null,null,0,0,0,0,0,0,0,0
blood-moon,none,0,damage,0,0,0,0,null,null,null,null,0,0,0,0,0,0,0,0
matcha-gotcha,none,0,damage,0,0,0,0,null,null,null,null,0,0,0,0,0,0,0,0
syrup-bomb,none,0,damage,0,0,0,0,null,null,null,null,0,0,0,0,0,0,0,0
ivy-cudgel,none,0,damage,0,0,0,0,null,null,null,null,0,0,0,0,0,0,0,0
electro-shot,none,0,damage,0,0,0,0,null,null,null,null,0,0,0,0,0,0,0,0
tera-starstorm,none,0,damage,0,0,0,0,null,null,null,null,0,0,0,0,0,0,0,0
fickle-beam,none,0,damage,0,0,0,0,null,null,null,null,0,0,0,0,0,0,0,0
burning-bulwark,none,0,damage,0,0,0,0,null,null,null,null,0,0,0,0,0,0,0,0
thunderclap,none,0,damage,0,0,0,0,null,null,null,null,0,0,0,0,0,0,0,0
mighty-cleave,none,0,damage,0,0,0,0,null,null,null,null,0,0,0,0,0,0,0,0
tachyon-cutter,none,0,damage,0,0,0,0,null,null,null,null,0,0,0,0,0,0,0,0
hard-press,none,0,damage,0,0,0,0,null,null,null,null,0,0,0,0,0,0,0,0
dragon-cheer,none,0,damage,0,0,0,0,null,null,null,null,0,0,0,0,0,0,0,0
alluring-voice,none,0,damage,0,0,0,0,null,null,null,null,0,0,0,0,0,0,0,0
temper-flare,none,0,damage,0,0,0,0,null,null,null,null,0,0,0,0,0,0,0,0
supercell-slam,none,0,damage,0,0,0,0,null,null,null,null,0,0,0,0,0,0,0,0
psychic-noise,none,0,damage,0,0,0,0,null,null,null,null,0,0,0,0,0,0,0,0
upper-hand,none,0,damage,0,0,0,0,null,null,null,null,0,0,0,0,0,0,0,0
malignant-chain,none,0,damage,0,0,0,0,null,null,null,null,0,0,0,0,0,0,0,0
